<?xml version="1.0" encoding="ISO-8859-1" ?>
<package version="1.0">
 <name>installer</name>
 <license>LGPL</license>
 <summary>
Web based packages installer
 </summary>
 <description>
Web based packages installer
 </description>
 <maintainers>
  <maintainer>
   <user>DM Solutions Group</user>
   <name>DM Solutions Group</name>
   <email>maplab-users@lists.maptools.org</email>
   <role>developer</role>
  </maintainer>
 </maintainers>

 <release>
  <version>1.0</version>
  <date>2004-02-18</date>
  <state>stable</state>
  <warnings>- Please make sure to execute post-installation.php script "php -q post-installation.php" when installation is done.
- If you're using apache, make sure to include all *.conf file from httpd.d in your applications repository.
- DON'T FORGET TO MAKE YOUR APPLICATIONS REPOSITORY WRITABLE FOR YOU WEB SERVER USER.</warnings>
  <notes>
   This is the first release.
  </notes>
  <filelist>
   <dir name="/" baseinstalldir="installer" role="php">

    <file>post-installation.php</file>
    <file role="data">httpd_installer.conf</file>

    <dir name="client">
     <file role="data">cached_servers.txt</file>
     <file>common.php</file>
     <file>installer.phtml</file>
     <file>installpackage.php</file>
     <file>install.phtml</file>
     <file>uninstall.phtml</file>

     <dir name="css">
      <file role="data">installer.css</file>
     </dir>

     <dir name="images">
      <file role="data">a_pixel.gif</file>
      <file role="data">button_add.png</file>
      <file role="data">button_find_products.png</file>
      <file role="data">button_remove.png</file>
      <file role="data">button_update.png</file>
      <file role="data">config.gif</file>
      <file role="data">download.png</file>
      <file role="data">icon_package_add.png</file>
      <file role="data">icon_package_remove.png</file>
      <file role="data">icon_package_update.png</file>
      <file role="data">icon_server_add.png</file>
      <file role="data">icon_server_connect.png</file>
      <file role="data">icon_server_disconnect.png</file>
      <file role="data">icon_server_refresh.png</file>
      <file role="data">icon_server_remove.png</file>
      <file role="data">info.gif</file>
      <file role="data">maplab.png</file>
     </dir>

     <dir name="js">
      <file role="data">function.js</file>
     </dir>
    </dir>
   </dir>
  </filelist>
 </release>
</package>
