<app-context>
    <context-param>
        <param-name>web_server_path</param-name>
        <param-value>/chameleon/</param-value>
        <description>This is the URL to chameleon.php.  You can use an alias (i.e. /chameleon/) or an absolute URL (i.e. http://).  Note that if you use a URL and set it to http://localhost/&lt;path-to-chameleon&gt; then the app won't work from remote machines.</description>
    </context-param>

    <context-param>
        <param-name>ows_schemas_location</param-name>
        <param-value>http://ogc.dmsolutions.ca</param-value>
        <description>URL pointing to the root of a repository of OGC schemas.  See http://ogc.dmsolutions.ca for an example.  You shouldn't need to change this unless you know why you would want to.</description>
    </context-param>

    <context-param>
        <param-name>wms_parse_file</param-name>
        <param-value>/ms4w/apps/chameleon/htdocs/common/wmsparse/wmsparse</param-value>
        <description>Full file path to the binary wms parser executable ('/path/to/wmsparse' on Unix, '/path/to/wmsparse.exe' on Windows).  Leave empty to use the built in PHP parser (slower and obsolete).</description>
    </context-param>

    <context-param>
        <param-name>wms_connectiontimeout</param-name>
        <param-value>30</param-value>
        <description>Maximum time in seconds that MapServer will wait for an answer from a WMS server.</description>
    </context-param>

    <context-param>
        <param-name>validate_template</param-name>
        <param-value>true</param-value>
        <description>Validate the attributes of each tag in the input template.  This should be set to true for debugging but may be set to false in a production environment to enhance performance.</description>
    </context-param>

    <context-param>
        <param-name>default_language</param-name>
        <param-value>en-CA</param-value>
        <description>Default language specifier, for instance en-CA or fr-CA.</description>
    </context-param>

    <context-param>
        <param-name>invalid_session_template</param-name>
        <param-value></param-value>
        <description>Template to display if session is invalid.</description>
    </context-param>

    <context-param>
        <param-name>mapscript_module</param-name>
        <param-value>php_mapscript.dll</param-value>
        <description>Mapscript module name (i.e. php_mapscript.dll for Windows installations or php_mapscript.so for Unix installations).</description>
    </context-param>

    <context-param>
      <param-name>image_type</param-name>
      <param-value>PNG</param-value>
      <description>Output image type (eg: PNG, GIF). Must be uppercase. This image format MUST be supported by your browser and GD (on the server). Please don't change that value unless you know what you'r doing.</description>
    </context-param>    

    <context-param>
        <param-name>button_cache_path</param-name>
        <param-value>/ms4w/tmp/ms_tmp/buttons/</param-value>
        <description>Directory in which to write image files generated for buttons.  This directory must be writable by the web server user and web accessible.  For performance reasons, this directory should not be cleaned out automatically.</description>
    </context-param>

    <context-param>
        <param-name>button_cache_web_path</param-name>
        <param-value>/ms_tmp/buttons/</param-value>
        <description>The URL where a browser can find cached button images.</description>
    </context-param>

    <context-param>
        <param-name>tmp_web_path</param-name>
        <param-value>/ms_tmp/</param-value>
        <description>URL where browser can find temporary files as context or images</description>
    </context-param>

    <context-param>
        <param-name>tmp_img_path</param-name>
        <param-value>/ms4w/tmp/ms_tmp/</param-value>
        <description>Directory where temporary image files are put.</description>
    </context-param>

    <context-param>
        <param-name>execution_timeout</param-name>
        <param-value>120</param-value>
        <description>The amount of time in seconds to allow PHP to process a PHP page.  This includes (for now) the time required to draw remote WMS layers which can be lengthy.</description>
    </context-param>

    <context-param>
      <param-name>maturity_level</param-name>
      <param-value>BETA</param-value>
      <description>This option controls the widgets that will be available to chameleon applications.  Only widgets at or above the configured level will be accessible.  Levels in increasing order of maturity are: UNKNOWN, ALPHA, BETA, RELEASECANDIDATE, TECHNICALRELEASE, PRODUCTRELEASE.  See Chameleon documentation for a description of these maturity levels.  </description>
    </context-param>
    
    <context-param>
      <param-name>count_hits</param-name>
      <param-value>false</param-value>
      <description>This option allows you to keep track of the visitors to the site</description>
    </context-param>
    
    <context-param>
        <param-name>cache_mlt</param-name>
        <param-value>true</param-value>
        <description>This option controls whether or not the MLT language translation file is cached or not.  Values are "true" and "false"</description>
    </context-param>   

</app-context>
