<app-context>
    <context-param>
        <param-name>service_instance_path</param-name>
        <param-value>/chameleon/cwc2/</param-value>
        <description>This is the URL to chameleon.php.  You can use an alias (i.e. /chameleon/) or an absolute URL (i.e. http://).  Note that if you use a URL and set it to http://localhost/&lt;path-to-chameleon&gt; then the app won't work from remote machines.</description>
    </context-param>

    <context-param>
        <param-name>server_data_path</param-name>
        <param-value>/ms4w/apps/chameleon/cwc2/data/</param-value>
        <description>This is where cached capabilities and other information, common to each session, should be. When a user start a new session, all files from that directory are copied to user_session_tmp_path</description>
    </context-param>

    <context-param>
        <param-name>allow_upload_context</param-name>
        <param-value>true</param-value>
        <description>Enable use of remote contexts via the service instance TEMPLATE= URL parameter. (true or false).</description>
    </context-param>

    <context-param>
        <param-name>allow_upload_template</param-name>
        <param-value>true</param-value>
        <description>Allow use of the 'TEMPLATE=' parameter when calling the CWC2 instance to specify any CWC2 HTML template url? (true or false)  If set to false then the value of 'default_template' config parameter is always used.</description>
    </context-param>

    <context-param>
        <param-name>cache_template</param-name>
        <param-value>true</param-value>
        <description>If template come from a remote server (http://....), the template is download from that remote server and saved on local server for further loading. For performace, it is prefered to set this value to "true". If the remote server template is dynamic, this value should be set to "false" so the template will be loaded remotely every page load.</description>
    </context-param>

    <context-param>
        <param-name>default_context</param-name>
        <param-value>world_context.xml</param-value>
        <description>Default map context to load when starting this application</description>
    </context-param>

    <context-param>
        <param-name>default_language</param-name>
        <param-value>en-CA</param-value>
        <description>The language code to use when no language is requested, normally this should match the language the default template was designed for.</description>
    </context-param>

    <context-param>
        <param-name>default_template</param-name>
        <param-value>sample_cwc2.html</param-value>
        <description>Default HTML template to use with this CWC2 instance.  Used when TEMPLATE= parameter not set, or when allow_upload_template config parameter is set to false.</description>
    </context-param>

    <context-param>
        <param-name>context_root</param-name>
        <param-value>/ms4w/apps/chameleon/cwc2/contexts/</param-value>
        <description>Absolute root path to context files. All context should be in that folder (or sub folder).</description>
    </context-param>

    <context-param>
        <param-name>context_maxsize</param-name>
        <param-value>1000000</param-value>
        <description>This is the context file max size that a CWC2 user can upload on the server</description>
    </context-param>

    <context-param>
        <param-name>template_root</param-name>
        <param-value>/ms4w/apps/chameleon/cwc2/templates/</param-value>
        <description>Absolute root path to template files. All template should be in that folder (or sub folder).</description>
    </context-param>
    
    <context-param>
        <param-name>fontlist_file</param-name>
        <param-value>/ms4w/apps/chameleon/cwc2/etc/fonts.txt</param-value>
        <description>Path and filename of the font list file used by MapServer (i.e. /path/to/file/fonts.txt ).</description>
    </context-param>  

    <context-param>
        <param-name>symbol_file</param-name>
        <param-value>/ms4w/apps/chameleon/cwc2/etc/symbols.sym</param-value>
        <description>Path and filename of the symbol file used by MapServer (i.e. /path/to/file/symbols.sym ).</description>
    </context-param>       
</app-context>
