<widgetdoc name="Button">
  <language name="en-CA">
    <description>
Base attribute for Button.
    </description>
    <attributes>
      <attribute name="TOOLSET" type="string" required="false">
        <description>
Toolset
        </description>
      </attribute>
      <attribute name="DEFAULT" type="boolean" required="false">
        <description>
default
        </description>
      </attribute>
      <attribute name="STYLERESOURCE" type="string" required="false">
        <description>
Style resource
        </description>
      </attribute>
      <attribute name="LABELALIGN" type="string" required="false">
        <description>
Aligment of the label (LEFT, CENTER, RIGHT).
        </description>
      </attribute>
      <attribute name="IMAGE" type="string" required="false">
        <description>
Button image
        </description>
      </attribute>
      <attribute name="IMAGEWIDTH" type="integer" required="false">
        <description>
Image width.
        </description>
      </attribute>
      <attribute name="IMAGEHEIGHT" type="integer" required="false">
        <description>
Image height.
        </description>
      </attribute>
      <attribute name="IMAGETIP" type="string" required="false">
        <description>
Image tip
        </description>
      </attribute>
      <attribute name="ONCLICK" type="string" required="false">
        <description>
On click
        </description>
      </attribute>
    </attributes>
  </language>
  <language name="fr-CA">
    <description>
Base attribute for Popup.
    </description>
    <attributes>
      <attribute name="TOOLSET" type="string" required="false">
        <description>
Toolset
        </description>
      </attribute>
      <attribute name="DEFAULT" type="boolean" required="false">
        <description>
default
        </description>
      </attribute>
      <attribute name="STYLERESOURCE" type="string" required="false">
        <description>
Style resource
        </description>
      </attribute>
      <attribute name="LABELALIGN" type="string" required="false">
        <description>
Aligment of the label (LEFT, CENTER, RIGHT).
        </description>
      </attribute>
      <attribute name="IMAGE" type="string" required="false">
        <description>
Button image
        </description>
      </attribute>
      <attribute name="IMAGEWIDTH" type="integer" required="false">
        <description>
Image width.
        </description>
      </attribute>
      <attribute name="IMAGEHEIGHT" type="integer" required="false">
        <description>
Image height.
        </description>
      </attribute>
      <attribute name="IMAGETIP" type="string" required="false">
        <description>
Image tip
        </description>
      </attribute>
      <attribute name="ONCLICK" type="string" required="false">
        <description>
On click
        </description>
      </attribute>
    </attributes>
  </language>
</widgetdoc>
