<?xml version="1.0" encoding="ISO-8859-1" ?>
<package version="1.0">
 <name>AppContext</name>
 <license>LGPL</license>
 <summary>
Configuration class
 </summary>
 <description>
Configuration class
 </description>
 <maintainers>
  <maintainer>
   <user>DM Solutions Group</user>
   <name>DM Solutions Group</name>
   <email>maplab-users@lists.maptools.org</email>
   <role>developer</role>
  </maintainer>
 </maintainers>

 <release>
  <version>1.0</version>
  <date>2004-02-18</date>
  <state>stable</state>
  <notes>
   This is the first release.
  </notes>
  <filelist>
   <dir name="/" baseinstalldir="php_utils" role="php">

    <file>post-installation.php</file>

    <dir name="appcontext">
     <file>appcontext.php</file>
     <file>edit_config_file.phtml</file>
     <file role="doc">README.txt</file>
     <dir name="test_scripts">
      <file>test_appcontext.php</file>
      <file role="data">testctxt.xml</file>
     </dir>
    </dir>
   </dir>
  </filelist>
 </release>
</package>
