<?xml version="1.0" encoding="ISO-8859-1" ?>
<package version="1.0">
 <name>Buttonizer</name>
 <license>LGPL</license>
 <summary>
Class to build dynamic buttons
 </summary>
 <description>
Class to build dynamic buttons
 </description>
 <maintainers>
  <maintainer>
   <user>DM Solutions Group</user>
   <name>DM Solutions Group</name>
   <email>maplab-users@lists.maptools.org</email>
   <role>developer</role>
  </maintainer>
 </maintainers>

 <release>
  <version>1.0</version>
  <date>2004-02-18</date>
  <state>stable</state>
  <notes>
   This is the first release.
  </notes>
  <filelist>
   <dir name="/" baseinstalldir="php_utils" role="php">

    <file>post-installation.php</file>

    <dir name="buttonizer">
     <file>button_factory.php</file>
     <file>button_form.html</file>
     <file>buttonizer.php</file>
     <file>index.html</file>
     <file>web_buttonizer.php</file>
     <file role="data">bl_on.png</file>
     <file role="data">bl.png</file>
     <file role="data">b_on.png</file>
     <file role="data">b.png</file>
     <file role="data">br_on.png</file>
     <file role="data">br.png</file>
     <file role="data">l_on.png</file>
     <file role="data">l.png</file>
     <file role="data">r_on.png</file>
     <file role="data">r.png</file>
     <file role="data">tl_on.png</file>
     <file role="data">tl.png</file>
     <file role="data">t_on.png</file>
     <file role="data">t.png</file>
     <file role="data">tr_on.png</file>
     <file role="data">tr.png</file>
    </dir>
   </dir>
  </filelist>
 </release>
</package>
