<?xml version="1.0" encoding="ISO-8859-1" ?>
<package version="1.0">
 <name>ColorPicker</name>
 <license>LGPL</license>
 <summary>
Java applet color picker
 </summary>
 <description>
Java applet color picker
 </description>
 <maintainers>
  <maintainer>
   <user>DM Solutions Group</user>
   <name>DM Solutions Group</name>
   <email>maplab-users@lists.maptools.org</email>
   <role>developer</role>
  </maintainer>
 </maintainers>

 <release>
  <version>1.0</version>
  <date>2004-02-18</date>
  <state>stable</state>
  <notes>
   This is the first release.
  </notes>
  <filelist>
   <dir name="/" baseinstalldir="php_utils" role="php">

    <file>post-installation.php</file>

    <dir name="color_picker">
     <file role="php">color_picker.phtml</file>
     <file role="doc">README</file>
     <file role="test">test_color_picker.html</file>
     <file role="data">Makefile</file>
     <file role="data">moz3_0.zip</file>
     <file role="data">npsimple.so</file>
     <file role="data">popup.css</file>
     <file role="data">actionid.js</file>
     <file role="data">colorpicker.class</file>
     <file role="data">colorpicker.java</file>
     <file role="data">colorpicker$MyMouseAdapter.class</file>
     <file role="data">color_picker.php</file>
     <file role="data">ImageBrightnessPalette.class</file>
     <file role="data">ImageBrightnessPalette$MyMouseAdapter.class</file>
     <file role="data">ImageButton.class</file>
     <file role="data">ImageButton.java</file>
     <file role="data">ImageColorPalette.class</file>
     <file role="data">ImageColorPalette$MyMouseAdapter.class</file>
     <file role="data">ImagePalettePreview.class</file>
     <file role="data">JSObject.jar</file>

     <dir name="images">
      <file role="data">icon_txt_apply_0.gif</file>
      <file role="data">icon_txt_apply_1.gif</file>
      <file role="data">icon_txt_apply_2.gif</file>
      <file role="data">icon_txt_apply.gif</file>
      <file role="data">icon_txt_cancel_0.gif</file>
      <file role="data">icon_txt_cancel_1.gif</file>
      <file role="data">icon_txt_cancel_2.gif</file>
      <file role="data">icon_txt_cancel.gif</file>
      <file role="data">icon_txt_close_0.gif</file>
      <file role="data">icon_txt_close_1.gif</file>
      <file role="data">icon_txt_close_2.gif</file>
      <file role="data">icon_txt_close.gif</file>
      <file role="data">icon_txt_ok_0.gif</file>
      <file role="data">icon_txt_ok_1.gif</file>
      <file role="data">icon_txt_ok_2.gif</file>
      <file role="data">icon_txt_ok.gif</file>
      <file role="data">icon_txt_save_0.gif</file>
      <file role="data">icon_txt_save_1.gif</file>
      <file role="data">icon_txt_save_2.gif</file>
      <file role="data">icon_txt_save.gif</file>
     </dir>
    </dir>
   </dir>
  </filelist>
 </release>
</package>
