<?xml version="1.0" encoding="ISO-8859-1" ?>
<package version="1.0">
 <name>FileBrowser</name>
 <license>LGPL</license>
 <summary>
Web base file browser
 </summary>
 <description>
Web base file browser
 </description>
 <maintainers>
  <maintainer>
   <user>DM Solutions Group</user>
   <name>DM Solutions Group</name>
   <email>maplab-users@lists.maptools.org</email>
   <role>developer</role>
  </maintainer>
 </maintainers>

 <release>
  <version>1.0</version>
  <date>2004-02-18</date>
  <state>stable</state>
  <notes>
   This is the first release.
  </notes>
  <filelist>
   <dir name="/" baseinstalldir="php_utils" role="php">

    <file>post-installation.php</file>

    <dir name="file_browser">
     <file>browser_info.phtml</file>
     <file>browser_list.phtml</file>
     <file>Browser.php</file>
     <file>Browser.phtml</file>
     <file role="data">popup.css</file>
     <file role="test">test_browser.html</file>
     <file role="test">test_browser.phtml</file>

     <dir name="images">
      <file role="data">icon_file.gif</file>
      <file role="data">icon_folder.gif</file>
      <file role="data">icon_folder_open.gif</file>
      <file role="data">icon_folder_up.gif</file>
      <file role="data">icon_txt_apply_0.gif</file>
      <file role="data">icon_txt_apply.gif</file>
      <file role="data">icon_txt_cancel_0.gif</file>
      <file role="data">icon_txt_cancel.gif</file>
      <file role="data">icon_txt_close_0.gif</file>
      <file role="data">icon_txt_close.gif</file>
      <file role="data">icon_txt_new_0.gif</file>
      <file role="data">icon_txt_new.gif</file>
      <file role="data">icon_txt_ok_0.gif</file>
      <file role="data">icon_txt_ok.gif</file>
      <file role="data">icon_txt_open_0.gif</file>
      <file role="data">icon_txt_open.gif</file>
      <file role="data">icon_txt_save_0.gif</file>
      <file role="data">icon_txt_save.gif</file>
      <file role="data">tree_expand.gif</file>
     </dir>
    </dir>
   </dir>
  </filelist>
 </release>
</package>
