<?xml version="1.0" encoding="ISO-8859-1" ?>
<package version="1.0">
 <name>Installer</name>
 <license>LGPL</license>
 <summary>
Web based packages installer
 </summary>
 <description>
Web based packages installer
 </description>
 <maintainers>
  <maintainer>
   <user>DM Solutions Group</user>
   <name>DM Solutions Group</name>
   <email>maplab-users@lists.maptools.org</email>
   <role>developer</role>
  </maintainer>
 </maintainers>

 <release>
  <version>1.0</version>
  <date>2004-02-18</date>
  <state>stable</state>
  <notes>
   This is the first release.
  </notes>
  <filelist>
   <dir name="/" baseinstalldir="php_utils" role="php">

    <file>post-installation.php</file>

    <dir name="installer">
     <dir name="server">
      <file>get.php</file>
      <file>packages.php</file>
      <file>server.inc.php</file>
     </dir>

     <dir name="client">
      <file role="data">cached_servers.txt</file>
      <file>common.php</file>
      <file>installer.phtml</file>
      <file>installpackage.php</file>
      <file>install.phtml</file>
      <file>uninstall.phtml</file>

      <dir name="css">
       <file role="data">installer.css</file>
      </dir>

      <dir name="images">
       <file role="data">a_pixel.gif</file>
       <file role="data">button_add.png</file>
       <file role="data">button_find_products.png</file>
       <file role="data">button_remove.png</file>
       <file role="data">button_update.png</file>
       <file role="data">config.gif</file>
       <file role="data">download.png</file>
       <file role="data">icon_package_add.png</file>
       <file role="data">icon_package_remove.png</file>
       <file role="data">icon_package_update.png</file>
       <file role="data">icon_server_add.png</file>
       <file role="data">icon_server_connect.png</file>
       <file role="data">icon_server_disconnect.png</file>
       <file role="data">icon_server_refresh.png</file>
       <file role="data">icon_server_remove.png</file>
       <file role="data">info.gif</file>
       <file role="data">maplab.png</file>
      </dir>

      <dir name="js">
       <file role="data">function.js</file>
      </dir>
     </dir>
    </dir>
   </dir>
  </filelist>
 </release>
</package>
