<?xml version="1.0" encoding="ISO-8859-1" ?>
<package version="1.0">
 <name>JTree</name>
 <license>LGPL</license>
 <summary>
Javascript based Tree
 </summary>
 <description>
Javascript based Tree
 </description>
 <maintainers>
  <maintainer>
   <user>DM Solutions Group</user>
   <name>DM Solutions Group</name>
   <email>maplab-users@lists.maptools.org</email>
   <role>developer</role>
  </maintainer>
 </maintainers>

 <release>
  <version>1.0</version>
  <date>2004-02-18</date>
  <state>stable</state>
  <notes>
   This is the first release.
  </notes>
  <filelist>
   <dir name="/" baseinstalldir="php_utils" role="php">

    <file>post-installation.php</file>

    <dir name="jtree">
     <file>jtree.php</file>
     <file role="data">ftiens4.js</file>
     <file role="data">treeView.js</file>
     <file role="data">ua.js</file>

     <dir name="images">
      <file role="data">diffDoc.gif</file>
      <file role="data">diffFolder.gif</file>
      <file role="data">ftv2blank.gif</file>
      <file role="data">ftv2doc.gif</file>
      <file role="data">ftv2folderclosed.gif</file>
      <file role="data">ftv2folderopen.gif</file>
      <file role="data">ftv2lastnode.gif</file>
      <file role="data">ftv2link.gif</file>
      <file role="data">ftv2mlastnode.gif</file>
      <file role="data">ftv2mnode.gif</file>
      <file role="data">ftv2node.gif</file>
      <file role="data">ftv2plastnode.gif</file>
      <file role="data">ftv2pnode.gif</file>
      <file role="data">ftv2vertline.gif</file>
      <file role="data">tree_group.gif</file>
      <file role="data">tree_layer.gif</file>
      <file role="data">tree_layers.gif</file>
     </dir>
    </dir>
   </dir>
  </filelist>
 </release>
</package>
