<?xml version="1.0" encoding="ISO-8859-1" ?>
<package version="1.0">
 <name>PHP_Geocoder</name>
 <license>LGPL</license>
 <summary>
PHP based geocoder
 </summary>
 <description>
PHP based geocoder
 </description>
 <maintainers>
  <maintainer>
   <user>DM Solutions Group</user>
   <name>DM Solutions Group</name>
   <email>maplab-users@lists.maptools.org</email>
   <role>developer</role>
  </maintainer>
 </maintainers>

 <release>
  <version>1.0</version>
  <date>2004-02-18</date>
  <state>stable</state>
  <notes>
   This is the first release.
  </notes>
  <filelist>
   <dir name="/" baseinstalldir="php_utils" role="php">

    <file>post-installation.php</file>

    <dir name="phpgeocoder">
     <file>attribute.php</file>
     <file>database_service.php</file>
     <file>dbf_service.php</file>
     <file>example.php</file>
     <file>example.phtml</file>
     <file>geocoder.php</file>
     <file>result.php</file>
     <file>service.php</file>
     <file>web_service.php</file>

     <dir name="services">
      <file>gazetteer_server.php</file>
      <file>gmap_server.php</file>
      <file>NTS_server.php</file>
      <file>postalcode_server.php</file>
      <file role="data">popplace.dbf</file>
     </dir>
    </dir>
   </dir>
  </filelist>
 </release>
</package>
