<?xml version="1.0" encoding="ISO-8859-1" ?>
<package version="1.0">
 <name>PHP_WMS</name>
 <license>LGPL</license>
 <summary>
WMS file parser in PHP
 </summary>
 <description>
WMS file parser in PHP
 </description>
 <maintainers>
  <maintainer>
   <user>DM Solutions Group</user>
   <name>DM Solutions Group</name>
   <email>maplab-users@lists.maptools.org</email>
   <role>developer</role>
  </maintainer>
 </maintainers>

 <release>
  <version>1.0</version>
  <date>2004-02-18</date>
  <state>stable</state>
  <notes>
   This is the first release.
  </notes>
  <filelist>
   <dir name="/" baseinstalldir="php_utils" role="php">

    <file>post-installation.php</file>

    <dir name="phpwms">
     <file>blank.html</file>
     <file>dbf.php</file>
     <file>layerinfo_body.phtml</file>
     <file>layerinfo_button.php</file>
     <file>layerinfo_contents.php</file>
     <file>layerinfo.phtml</file>
     <file>manage_servers_body.phtml</file>
     <file>manage_servers_js.phtml</file>
     <file>manage_servers.php</file>
     <file>manage_servers.php.inc</file>
     <file>manage_servers.phtml</file>
     <file>phpwms.default.php</file>
     <file>server_data_manager.php</file>
     <file>serverinfo_body.phtml</file>
     <file>serverinfo_button.php</file>
     <file>serverinfo_contents.php</file>
     <file>serverinfo.phtml</file>
     <file>test_dbf.phtml</file>
     <file>xpath.class.php</file>
     <file role="data">phpwms.dbf</file>
     <file role="data">popup.css</file>

     <dir name="images">
      <file role="data">a_pixel.gif</file>
      <file role="data">button_server_add_f.png</file>
      <file role="data">button_server_add.png</file>
      <file role="data">button_server_connect_f.png</file>
      <file role="data">button_server_connect.png</file>
      <file role="data">button_server_disconnect_f.png</file>
      <file role="data">button_server_disconnect.png</file>
      <file role="data">button_server_refresh_f.png</file>
      <file role="data">button_server_refresh.png</file>
      <file role="data">button_server_remove_f.png</file>
      <file role="data">button_server_remove.png</file>
      <file role="data">button_server_test_f.png</file>
      <file role="data">button_server_test.png</file>
      <file role="data">button_server_update_f.png</file>
      <file role="data">button_server_update.png</file>
      <file role="data">icon_alert.gif</file>
      <file role="data">icon_server_add.gif</file>
      <file role="data">icon_server_add_off.gif</file>
      <file role="data">icon_server_add_over.gif</file>
      <file role="data">icon_server_add.png</file>
      <file role="data">icon_server_connect.gif</file>
      <file role="data">icon_server_connect_off.gif</file>
      <file role="data">icon_server_connect_over.gif</file>
      <file role="data">icon_server_connect.png</file>
      <file role="data">icon_server_disconnect.gif</file>
      <file role="data">icon_server_disconnect_off.gif</file>
      <file role="data">icon_server_disconnect_over.gif</file>
      <file role="data">icon_server_disconnect.png</file>
      <file role="data">icon_server_refresh.gif</file>
      <file role="data">icon_server_refresh_off.gif</file>
      <file role="data">icon_server_refresh_over.gif</file>
      <file role="data">icon_server_refresh.png</file>
      <file role="data">icon_server_remove.gif</file>
      <file role="data">icon_server_remove_off.gif</file>
      <file role="data">icon_server_remove_over.gif</file>
      <file role="data">icon_server_remove.png</file>
      <file role="data">icon_server_test.gif</file>
      <file role="data">icon_server_test_off.gif</file>
      <file role="data">icon_server_test_over.gif</file>
      <file role="data">icon_server_test.png</file>
      <file role="data">icon_txt_close.gif</file>
      <file role="data">icon_txt_ok.gif</file>
      <file role="data">spinner.gif</file>
      <file role="data">title_servers.gif</file>
      <file role="data">tree_layer.gif</file>
      <file role="data">tree_layers.gif</file>
      <file role="data">tree_server.gif</file>
      <file role="data">tree_servers_list.gif</file>
     </dir>
    </dir>
   </dir>
  </filelist>
 </release>
</package>
