<?xml version="1.0" encoding="ISO-8859-1" ?>
<package version="1.0">
 <name>Picker</name>
 <license>LGPL</license>
 <summary>
Pickers
 </summary>
 <description>
Pickers
 </description>
 <maintainers>
  <maintainer>
   <user>DM Solutions Group</user>
   <name>DM Solutions Group</name>
   <email>maplab-users@lists.maptools.org</email>
   <role>developer</role>
  </maintainer>
 </maintainers>

 <release>
  <version>1.0</version>
  <date>2004-02-18</date>
  <state>stable</state>
  <notes>
   This is the first release.
  </notes>
  <filelist>
   <dir name="/" baseinstalldir="php_utils" role="php">

    <file>post-installation.php</file>

    <dir name="picker">
     <file>actionid.js</file>
     <file>font_picker.php</file>
     <file>font_picker.phtml</file>
     <file>fontpicker.phtml</file>
     <file>layer_picker.php</file>
     <file>layer_picker.phtml</file>
     <file>layerpicker.phtml</file>
     <file>picker_button.phtml</file>
     <file>picker_frame.phtml</file>
     <file>popup.css</file>
     <file>shape_file_attr.php</file>
     <file>shape_file_attr.phtml</file>
     <file>shapefileattr.phtml</file>
     <file>symbol_picker.php</file>
     <file>symbol_picker.phtml</file>
     <file>symbolpicker.phtml</file>
     <file>test_font_picker.phtml</file>
     <file>test_layer_picker.phtml</file>
     <file>test_shape_file_attr.phtml</file>
     <file>test_symbol_picker.phtml</file>

     <dir name="images">
      <file role="data">a_pixel.gif</file>
      <file role="data">bar.gif</file>
      <file role="data">icon_ok.gif</file>
      <file role="data">icon_txt_apply_0.gif</file>
      <file role="data">icon_txt_apply.gif</file>
      <file role="data">icon_txt_cancel_0.gif</file>
      <file role="data">icon_txt_cancel.gif</file>
      <file role="data">icon_txt_close_0.gif</file>
      <file role="data">icon_txt_close.gif</file>
      <file role="data">icon_txt_ok_0.gif</file>
      <file role="data">icon_txt_ok.gif</file>
      <file role="data">icon_txt_save_0.gif</file>
      <file role="data">icon_txt_save.gif</file>
     </dir>
    </dir>
   </dir>
  </filelist>
 </release>
</package>
