<?xml version="1.0" encoding="ISO-8859-1" ?>
<package version="1.0">
 <name>Projection</name>
 <license>LGPL</license>
 <summary>
Projection classes
 </summary>
 <description>
Projection classes
 </description>
 <maintainers>
  <maintainer>
   <user>DM Solutions Group</user>
   <name>DM Solutions Group</name>
   <email>maplab-users@lists.maptools.org</email>
   <role>developer</role>
  </maintainer>
 </maintainers>

 <release>
  <version>1.0</version>
  <date>2004-02-18</date>
  <state>stable</state>
  <notes>
   This is the first release.
  </notes>
  <filelist>
   <dir name="/" baseinstalldir="php_utils" role="php">

    <file>post-installation.php</file>

    <dir name="projection">
     <file>projection.phtml</file>
     <file role="test">test_projection.html</file>

     <dir name="images">
      <file role="data">icon_txt_apply.gif</file>
      <file role="data">icon_txt_cancel.gif</file>
      <file role="data">icon_txt_close.gif</file>
      <file role="data">icon_txt_ok.gif</file>
      <file role="data">tree_projection.gif</file>
     </dir>
    </dir>
   </dir>
  </filelist>
 </release>
</package>
