<?xml version="1.0" encoding="ISO-8859-1" ?>
<package version="1.0">
 <name>Security</name>
 <license>LGPL</license>
 <summary>
Security classes
 </summary>
 <description>
Security classes
 </description>
 <maintainers>
  <maintainer>
   <user>DM Solutions Group</user>
   <name>DM Solutions Group</name>
   <email>maplab-users@lists.maptools.org</email>
   <role>developer</role>
  </maintainer>
 </maintainers>

 <release>
  <version>1.0</version>
  <date>2004-02-18</date>
  <state>stable</state>
  <notes>
   This is the first release.
  </notes>
  <filelist>
   <dir name="/" baseinstalldir="php_utils" role="php">

    <file>post-installation.php</file>

    <dir name="security">
     <file>authenticator.php</file>
     <file>db_authenticator.php</file>
     <file>db_name_abstraction.php</file>
     <file>db_priv_code.php</file>
     <file>db_user_connection.php</file>
     <file>priv_code.php</file>
     <file>security.sql</file>
     <file>user_connection.php</file>

     <dir name="test">
      <file role="test">test.php</file>
     </dir>

     <dir name="admin">
      <file>admin.php</file>
      <file>connect.inc.php</file>
      <file>group.php</file>
      <file>group.phtml</file>
      <file>privilege.php</file>
      <file>privilege.phtml</file>
      <file>user.php</file>
      <file>user.phtml</file>
     </dir>
    </dir>
   </dir>
  </filelist>
 </release>
</package>
