<?xml version="1.0" encoding="ISO-8859-1" ?>
<package version="1.0">
 <name>Treemenu</name>
 <license>LGPL</license>
 <summary>
Javascript based Treemenu
 </summary>
 <description>
Javascript based Treemenu
 </description>
 <maintainers>
  <maintainer>
   <user>DM Solutions Group</user>
   <name>DM Solutions Group</name>
   <email>maplab-users@lists.maptools.org</email>
   <role>developer</role>
  </maintainer>
 </maintainers>

 <release>
  <version>1.0</version>
  <date>2004-02-18</date>
  <state>stable</state>
  <notes>
   This is the first release.
  </notes>
  <filelist>
   <dir name="/" baseinstalldir="php_utils" role="php">

    <file>post-installation.php</file>

    <dir name="treemenu">
     <file role="test">test2.phtml</file>
     <file role="test">test.phtml</file>
     <file role="test">test.tree</file>
     <file role="test">test.tree2</file>
     <file>treemenu.php</file>

     <dir name="images">
      <file role="data">tree_collapse.gif</file>
      <file role="data">tree_end_26.gif</file>
      <file role="data">tree_end.gif</file>
      <file role="data">tree_expand.gif</file>
      <file role="data">tree_layer.gif</file>
      <file role="data">tree_leaf.gif</file>
      <file role="data">tree_line_26.gif</file>
      <file role="data">tree_line.gif</file>
      <file role="data">tree_minus_end_26.gif</file>
      <file role="data">tree_minus_end.gif</file>
      <file role="data">tree_minus_split_26.gif</file>
      <file role="data">tree_minus_split.gif</file>
      <file role="data">tree_plus_end_26.gif</file>
      <file role="data">tree_plus_end.gif</file>
      <file role="data">tree_plus_split_26.gif</file>
      <file role="data">tree_plus_split.gif</file>
      <file role="data">tree_server.gif</file>
      <file role="data">tree_servers_list.gif</file>
      <file role="data">tree_space.gif</file>
      <file role="data">tree_split_26.gif</file>
      <file role="data">tree_split.gif</file>
      <file role="data">tree_theme.gif</file>
      <file role="data">tree_vertline.gif</file>
     </dir>
    </dir>
   </dir>
  </filelist>
 </release>
</package>
