<?xml version="1.0" encoding="ISO-8859-1" ?>
<package version="1.0">
 <name>WMSParse</name>
 <license>LGPL</license>
 <summary>
C Programm to parse WMS file
 </summary>
 <description>
C Programm to parse WMS file
 </description>
 <maintainers>
  <maintainer>
   <user>DM Solutions Group</user>
   <name>DM Solutions Group</name>
   <email>maplab-users@lists.maptools.org</email>
   <role>developer</role>
  </maintainer>
 </maintainers>

 <release>
  <version>1.0</version>
  <date>2004-02-18</date>
  <state>stable</state>
  <notes>
   This is the first release.
  </notes>
  <filelist>
   <dir name="/" baseinstalldir="php_utils" role="php">

    <file>post-installation.php</file>

    <dir name="wmsparse">
     <file role="data">dbfopen.c</file>
     <file role="data">Makefile</file>
     <file role="data">Makefile.vc</file>
     <file role="data">README.txt</file>
     <file role="data">shapefil.h</file>
     <file role="data">wmsparse.c</file>

     <dir name="win32">
      <file role="data">iconv.dll</file>
      <file role="data">libxml2.dll</file>
      <file role="data">wmsparse.exe</file>
     </dir>
    </dir>
   </dir>
  </filelist>
 </release>
</package>
