<?xml version="1.0" encoding="ISO-8859-1" ?>
<package version="1.0">
 <name>XML_Utils</name>
 <license>LGPL</license>
 <summary>
XML Manipulation class
 </summary>
 <description>
XML Manipulation class
 </description>
 <maintainers>
  <maintainer>
   <user>DM Solutions Group</user>
   <name>DM Solutions Group</name>
   <email>maplab-users@lists.maptools.org</email>
   <role>developer</role>
  </maintainer>
 </maintainers>

 <release>
  <version>1.0</version>
  <date>2004-02-18</date>
  <state>stable</state>
  <notes>
   This is the first release.
  </notes>
  <filelist>
   <dir name="/" baseinstalldir="php_utils" role="php">

    <file>post-installation.php</file>

    <dir name="xml_utils">
     <file>XMLObject.php</file>
    </dir>
   </dir>
  </filelist>
 </release>
</package>
