<?xml version="1.0" encoding="UTF-8"?>
<ca:widgetdoc xmlns:ca="http://localhost/chameleon/utils/xml/schemas" xmlns:xsi="http://www.w3.org/2001/XMLSchema-instance" xsi:schemaLocation="http://localhost/chameleon/utils/xml/schemas ..\..\..\utils\xml\schemas\chameleon.xsd">
  <ca:docinfo>
    <ca:language>
      <ca:value>fr-ca</ca:value>
    </ca:language>
    <ca:docbuilddate>
      <ca:value>1999-12-31</ca:value>
    </ca:docbuilddate>
    <ca:docversion>
      <ca:value>$id:$</ca:value>
    </ca:docversion>
    <ca:authors>
      <ca:person>
        <ca:name>Doc_Builder</ca:name>
        <ca:company>DM Solutions Group Inc.</ca:company>
        <ca:contact>chameleon@lists.maptools.org</ca:contact>
      </ca:person>
    </ca:authors>
    <ca:editors>
      <ca:person>
        <ca:name>Christopher R. Thorne</ca:name>
        <ca:company>DM Solutions Group Inc.</ca:company>
        <ca:contact>chameleon@lists.maptools.org</ca:contact>
      </ca:person>
    </ca:editors>
  </ca:docinfo>
  <ca:identification>
    <ca:name>
      <ca:value>CompassPoint</ca:value>
    </ca:name>
    <ca:chameleonpack>
      <ca:value>TBD</ca:value>
    </ca:chameleonpack>
    <ca:parentgroup>
      <ca:value>TBD</ca:value>
    </ca:parentgroup>
    <ca:version>
      <ca:value>1.99</ca:value>
    </ca:version>
    <ca:releasedate>
      <ca:value>1999-12-31</ca:value>
    </ca:releasedate>
    <ca:maturitylevel>
      <ca:value>BETA</ca:value>
    </ca:maturitylevel>
    <ca:developers>
      <ca:person>
        <ca:name>Paul Spencer</ca:name>
        <ca:company>DM Solutions Group Inc.</ca:company>
        <ca:contact>chameleon@lists.maptools.org</ca:contact>
      </ca:person>
    </ca:developers>
  </ca:identification>
  <ca:descriptions>
    <ca:description>
      <ca:paras>
        <ca:para>The CompassPoint widget is a clickable image that the user can click to pan
in a given direcion.</ca:para>
      </ca:paras>
    </ca:description>
    <ca:dependancies>
      <ca:dependancy type="None" title="">
        <ca:para/>
      </ca:dependancy>
    </ca:dependancies>
    <ca:sharedresources>
      <ca:paras title="SharedResource1">
        <ca:para/>
      </ca:paras>
    </ca:sharedresources>
    <ca:embeddedhelp>
      <ca:paras>
        <ca:para>Les fl&egrave;ches de d&eacute;placement permet de recadre la carter. Pour les utiliser, cliquez sur l'une des fl&egrave;es de d&eacute;placement situ&eacute;es autour de la carte et une nouvelle carte se r&eacute;affichera conform&eacute;ment au d&eacute;placement demand&eacute;. </cham:onlinehelp>
</ca:para>
      </ca:paras>
    </ca:embeddedhelp>
  </ca:descriptions>
  <ca:tagstructures>
    <ca:tagstructure>
      <ca:description/>
      <ca:code>
        <ca:codeblock bold="true">
          <ca:line>&lt;CWC2 TYPE="ChameleonWidget"</ca:line>
        </ca:codeblock>
        <ca:codeblock bold="false">
          <ca:line>   ENABLED="[TRUE|FALSE]"</ca:line>
          <ca:line>   FORMINDEX="[0 &lt; integer]"</ca:line>
          <ca:line>   VISIBLE="[TRUE|FALSE]"</ca:line>
        </ca:codeblock>
      </ca:code>
    </ca:tagstructure>
  </ca:tagstructures>
  <ca:examples>
    <ca:widgetexamples>
      <ca:example title="Simple">
        <ca:description/>
        <ca:code>
          <ca:codeblock bold="false">
            <ca:line/>
          </ca:codeblock>
        </ca:code>
      </ca:example>
      <ca:example title="Advanced">
        <ca:description/>
        <ca:code>
          <ca:codeblock bold="false">
            <ca:line/>
          </ca:codeblock>
        </ca:code>
      </ca:example>
    </ca:widgetexamples>
    <ca:sharedresourceexamples>
      <ca:example title="Simple">
        <ca:description/>
        <ca:code>
          <ca:codeblock bold="false">
            <ca:line/>
          </ca:codeblock>
        </ca:code>
      </ca:example>
      <ca:example title="Advanced">
        <ca:description/>
        <ca:code>
          <ca:codeblock bold="false">
            <ca:line/>
          </ca:codeblock>
        </ca:code>
      </ca:example>
    </ca:sharedresourceexamples>
    <ca:sampleapps>
      <ca:sampleapp>
        <ca:name>Hawaii Demo</ca:name>
        <ca:appurl>www.mapsherpa.com/hawaii2/</ca:appurl>
        <ca:description>The Hawaii Demo uses the latest 1.99 Chameleon version.</ca:description>
      </ca:sampleapp>
    </ca:sampleapps>
    <ca:scriptexamples/>
  </ca:examples>
  <ca:attributegroups>
    <ca:attributegroup>
      <ca:name>Base</ca:name>
      <ca:name>Button</ca:name>
      <ca:name>NavTool</ca:name>
    </ca:attributegroup>
  </ca:attributegroups>
  <ca:widgettag>
    <ca:attribute>
      <ca:name>DIRECTION</ca:name>
      <ca:type>
        <ca:value>string</ca:value>
      </ca:type>
      <ca:class>
        <ca:value>Required</ca:value>
      </ca:class>
      <ca:possvalues type="list">
        <ca:value>northeast</ca:value>
        <ca:value>north</ca:value>
        <ca:value>northwest</ca:value>
        <ca:value>west</ca:value>
        <ca:value>southwest</ca:value>
        <ca:value>south</ca:value>
        <ca:value>southeast</ca:value>
        <ca:value>east</ca:value>
      </ca:possvalues>
      <ca:description>The direction that the compass point will pan the map when clicked.</ca:description>
    </ca:attribute>
    <ca:attribute>
      <ca:name>PANPERCENT</ca:name>
      <ca:type>
        <ca:value>integer</ca:value>
      </ca:type>
      <ca:class>
        <ca:value>Widget Only</ca:value>
      </ca:class>
      <ca:default>
        <ca:value>50</ca:value>
        <ca:description/>
      </ca:default>
      <ca:possvalues type="range">
        <ca:minimum>0</ca:minimum>
        <ca:maximum>100</ca:maximum>
      </ca:possvalues>
      <ca:description>The amount to pan the map in the given direction as a percentage of the map width or height.</ca:description>
    </ca:attribute>
  </ca:widgettag>
  <ca:formelements>
    <ca:formelement>
      <ca:name>NAV_CMD</ca:name>
      <ca:type>
        <ca:value>unknown</ca:value>
      </ca:type>
      <ca:description/>
    </ca:formelement>
    <ca:formelement>
      <ca:name>NAV_ALLOW_RECTANGLE</ca:name>
      <ca:type>
        <ca:value>unknown</ca:value>
      </ca:type>
      <ca:description/>
    </ca:formelement>
  </ca:formelements>
  <ca:jsfunctions>
    <ca:jsfunction>
      <ca:name>NavSetActiveTool</ca:name>
      <ca:scope>
        <ca:value>Private</ca:value>
      </ca:scope>
      <ca:description/>
      <ca:parameters>
        <ca:parameter>
          <ca:name>oButton</ca:name>
          <ca:type>
            <ca:value>unknown</ca:value>
          </ca:type>
          <ca:required>
            <ca:value>true</ca:value>
          </ca:required>
          <ca:description/>
        </ca:parameter>
        <ca:parameter>
          <ca:name>aVals</ca:name>
          <ca:type>
            <ca:value>unknown</ca:value>
          </ca:type>
          <ca:required>
            <ca:value>true</ca:value>
          </ca:required>
          <ca:description/>
        </ca:parameter>
      </ca:parameters>
    </ca:jsfunction>
  </ca:jsfunctions>
</ca:widgetdoc>
