<?xml version="1.0" encoding="UTF-8"?>
<ca:widgetdoc xmlns:ca="http://localhost/chameleon/utils/xml/schemas" xmlns:xsi="http://www.w3.org/2001/XMLSchema-instance" xsi:schemaLocation="http://localhost/chameleon/utils/xml/schemas ..\..\..\utils\xml\schemas\chameleon.xsd">
  <ca:docinfo>
    <ca:language>
      <ca:value>en-ca</ca:value>
    </ca:language>
    <ca:docbuilddate>
      <ca:value>1999-12-31</ca:value>
    </ca:docbuilddate>
    <ca:docversion>
      <ca:value>$id:$</ca:value>
    </ca:docversion>
    <ca:authors>
      <ca:person>
        <ca:name>Doc_Builder</ca:name>
        <ca:company>DM Solutions Group Inc.</ca:company>
        <ca:contact>chameleon@lists.maptools.org</ca:contact>
      </ca:person>
    </ca:authors>
    <ca:editors>
      <ca:person>
        <ca:name>Christopher R. Thorne</ca:name>
        <ca:company>DM Solutions Group Inc.</ca:company>
        <ca:contact>chameleon@lists.maptools.org</ca:contact>
      </ca:person>
      <ca:person>
        <ca:name>Paul Spencer</ca:name>
        <ca:company>DM Solutions Group Inc.</ca:company>
        <ca:contact>chameleon@lists.maptools.org</ca:contact>
      </ca:person>
    </ca:editors>
  </ca:docinfo>
  <ca:identification>
    <ca:name>
      <ca:value>CompassPoint</ca:value>
    </ca:name>
    <ca:chameleonpack>
      <ca:value>TBD</ca:value>
    </ca:chameleonpack>
    <ca:parentgroup>
      <ca:value>Navigation Widget</ca:value>
    </ca:parentgroup>
    <ca:version>
      <ca:value>1.99</ca:value>
    </ca:version>
    <ca:releasedate>
      <ca:value>1999-12-31</ca:value>
    </ca:releasedate>
    <ca:maturitylevel>
      <ca:value>TECHRELEASE</ca:value>
    </ca:maturitylevel>
    <ca:developers>
      <ca:person>
        <ca:name>Paul Spencer</ca:name>
        <ca:company>DM Solutions Group Inc.</ca:company>
        <ca:contact>chameleon@lists.maptools.org</ca:contact>
      </ca:person>
    </ca:developers>
  </ca:identification>
  <ca:descriptions>
    <ca:description>
      <ca:paras>
        <ca:para>The CompassPoint widget is used to pan the map by a fixed amount in one of eight directions.  The widget is represented as a button in the user interface. The direction and the amount to pan are configurable.</ca:para>
      </ca:paras>
    </ca:description>
    <ca:dependancies>
      <ca:dependancy type="Widget" title="Map Widget">
        <ca:para>A map widget (e.g., MapDHTML) must be present in the interface for the CompassPoint widget to function. This does not mean the button will not show up without a map widget, only that the button would not perform any visible action.</ca:para>
      </ca:dependancy>
    </ca:dependancies>
    <ca:sharedresources>
      <ca:paras title="Style">
        <ca:para>The CompassPoint widget tag has attributes from Button Attributes group. This means CompassPoint widget has access to the Style Shared Resources. To learn about this Shared Resource, please refer to the Button attribute group section for details.</ca:para>
      </ca:paras>
    </ca:sharedresources>
    <ca:embeddedhelp>
      <ca:paras>
        <ca:para>The CompassPoint widget provides the capability to pan the map in the direction of a compass point. To use the CompassPoint widget, click one of the compass point icons around the map to pan the map in that direction.</ca:para>
      </ca:paras>
    </ca:embeddedhelp>
    <ca:guinotes title="Interface Functionality">
      <ca:guinote type="Button" title="Tip">
        <ca:para>Typically, the CompassPoint widget is included in an interface eight times, once for each cardinal direction.</ca:para>
      </ca:guinote>
    </ca:guinotes>    
  </ca:descriptions>
  <ca:tagstructures>
    <ca:tagstructure title="Widget Syntax">
      <ca:description/>
      <ca:code>
        <ca:codeblock bold="true">
          <ca:line>&lt;CWC2 TYPE="CompassPoint"</ca:line>
        </ca:codeblock>
        <ca:codeblock bold="false">
          <ca:line>   ENABLED="[TRUE|FALSE]"</ca:line>
          <ca:line>   FORMINDEX="[0 &lt; integer]"</ca:line>
          <ca:line>   VISIBLE="[TRUE|FALSE]"</ca:line>
          <ca:line />
          <ca:line>   &lt;!-- CompassPoint Attributes--&gt;</ca:line>
        </ca:codeblock>
        <ca:codeblock bold="true">  
          <ca:line>   DIRECTION ="[NORTHEAST | NORTH | NORTHWEST | WEST | SOUTHWEST | SOUTH | SOUTHEAST | EAST]"</ca:line>
        </ca:codeblock>
        <ca:codeblock bold="false">        
          <ca:line>   PANPERCENT ="[0 &lt; integer &lt; 100]"</ca:line>
          <ca:line/>
          <ca:line>   &lt;!-- Navigation Attributes --&gt;</ca:line>
          <ca:line/>
          <ca:line>   CURSORTYPE="[string]"</ca:line>
          <ca:line>   DEFAULT="[TRUE|FALSE]"</ca:line>
          <ca:line>   MAPID="[string]"</ca:line>
          <ca:line>   WIDGETSTYLE="[string]"</ca:line>
          <ca:line/>
          <ca:line>   &lt;!-- Button Attribute Group--&gt;</ca:line>
          <ca:line/>
          <ca:line>   BACKGROUNDIMAGE="[path]"</ca:line>
          <ca:line>   DEFAULT="[TRUE|FALSE]"</ca:line>
          <ca:line>   IMAGE="[path]"</ca:line>
          <ca:line>   IMAGEHEIGHT="[integer]"</ca:line>
          <ca:line>   IMAGETIP="[string]"</ca:line>
          <ca:line>   IMAGEWIDTH="[integer]"</ca:line>
          <ca:line>   LABELALIGN="[LEFT|CENTER|RIGHT]"</ca:line>
          <ca:line>   LABELANTIALIAS="[TRUE|FALSE]"</ca:line>
          <ca:line>   LABELCOLOR="[#RRGGBB]"</ca:line>
          <ca:line>   LABELFONT="[string]"</ca:line>
          <ca:line>   LABELFONTSIZE="[0 &lt; integer]"</ca:line>
          <ca:line>   ONCLICK="[string]"</ca:line>
          <ca:line>   STYLERESOURCE="[string]"</ca:line>
          <ca:line>   TEXTBUTTONBORDER="[path]"</ca:line>
          <ca:line>   TEXTBUTTONBORDER_BOTTOM_IMAGE="[path]"</ca:line>
          <ca:line>   TEXTBUTTONBORDER_BOTTOMLEFT_IMAGE="[path]"</ca:line>
          <ca:line>   TEXTBUTTONBORDER_BOTTOMRIGHT_IMAGE="[path]"</ca:line>
          <ca:line>   TEXTBUTTONBORDER_LEFT_IMAGE="[path]"</ca:line>
          <ca:line>   TEXTBUTTONBORDER_RIGHT_IMAGE="[path]"</ca:line>
          <ca:line>   TEXTBUTTONBORDER_TOP_IMAGE="[path]"</ca:line>
          <ca:line>   TEXTBUTTONBORDER_TOPLEFT_IMAGE="[path]"</ca:line>
          <ca:line>   TEXTBUTTONBORDER_TOPRIGHT_IMAGE="[path]"</ca:line>
          <ca:line>   TEXTBUTTONCOLOR="[#RRGGBB]"</ca:line>
          <ca:line>   TEXTBUTTONNUDGE="[integer]"</ca:line>
          <ca:line>   TEXTBUTTONPADDING="[0 &lt; integer]"</ca:line>
          <ca:line>   TOOLSET="[string]"</ca:line>
          <ca:line>   USETEXTBUTTONCACHE="[TRUE|FALSE]"&gt;</ca:line>
          <ca:line/>
          <ca:line>      &lt;!-- Button Subtag Group --&gt;</ca:line>
          <ca:line/>
          <ca:line>      &lt;IMAGE STATE="[NORMAL|SELECTED|HOVER|DISABLED]"</ca:line>
          <ca:line>         IMAGE="[path]"/&gt;</ca:line>
        </ca:codeblock>
        <ca:codeblock bold="true">
          <ca:line>&lt;/CWC2&gt;</ca:line>
        </ca:codeblock>                 
      </ca:code>
    </ca:tagstructure>
  </ca:tagstructures>
  <ca:examples>
    <ca:widgetexamples>
      <ca:example title="Example #1: Simple">
        <ca:description>The following widget tag defines a compass point button as a radio button with an icon. The widget pans 80 percent of the current view in the map's northwest direction. Note: this northwest direction is not directly related to the true northwest direction due to differences in projections, rather the panning takes place diagonally up and to the left based on the current map dimensions.</ca:description>
        <ca:code>
          <ca:codeblock bold="false">
            <ca:line>&lt;cwc2 type="CompassPoint"</ca:line>
            <ca:line>   Visible="true" </ca:line>
            <ca:line>   styleresource="PanArrows" </ca:line>
            <ca:line>   Direction="northwest" </ca:line>
            <ca:line>   image="icons/icon_pan_nw.png"</ca:line> 
            <ca:line>   PanPercent="80"</ca:line> 
            <ca:line>   imagetip="Pan NorthWest"/&gt;</ca:line>
          </ca:codeblock>
        </ca:code>
      </ca:example>
      <ca:example title="Example #2: Advanced">
        <ca:description>The widget tag above uses the following text button style resource, "PanArrows", to define the look of the CompassPoint button.</ca:description>
        <ca:code>
          <ca:codeblock bold="false">
            <ca:line>&lt;cwc2 type="CompassPoint"</ca:line>
            <ca:line>   visible="true" </ca:line>
            <ca:line>   styleresource="PanArrows"</ca:line>
            <ca:line>   direction="northwest"</ca:line>
            <ca:line>   image="icons/icon_pan_nw.png"</ca:line>
            <ca:line>   PanPercent="80" </ca:line>
            <ca:line>   imagetip="Pan NorthWest"&gt;</ca:line>
            <ca:line>      &lt;image state="normal"/&gt;</ca:line>
            <ca:line>      &lt;image state="hover"/&gt;</ca:line>
            <ca:line>      &lt;image state="selected"/&gt;</ca:line>
            <ca:line>&lt;/cwc2&gt;</ca:line>
          </ca:codeblock>
        </ca:code>
      </ca:example>      
    </ca:widgetexamples>
    <ca:sharedresourceexamples />
    <ca:sampleapps>
      <ca:sampleapp>
        <ca:name>Hawaii Demo</ca:name>
        <ca:appurl>www.mapsherpa.com/hawaii2/</ca:appurl>
        <ca:description>The Hawaii Demo uses the latest 1.99 Chameleon version.</ca:description>
      </ca:sampleapp>
    </ca:sampleapps>
    <ca:scriptexamples/>
  </ca:examples>
  <ca:attributegroups>
    <ca:attributegroup>
      <ca:name>Base</ca:name>
      <ca:name>Button</ca:name>
      <ca:name>NavTool</ca:name>
    </ca:attributegroup>
  </ca:attributegroups>
  <ca:widgettag>
    <ca:attribute>
      <ca:name>DIRECTION</ca:name>
      <ca:type>
        <ca:value>string</ca:value>
      </ca:type>
      <ca:class>
        <ca:value>Required</ca:value>
      </ca:class>
      <ca:possvalues type="list">
        <ca:value>northeast</ca:value>
        <ca:value>north</ca:value>
        <ca:value>northwest</ca:value>
        <ca:value>west</ca:value>
        <ca:value>southwest</ca:value>
        <ca:value>south</ca:value>
        <ca:value>southeast</ca:value>
        <ca:value>east</ca:value>
      </ca:possvalues>
      <ca:description>The direction that the compass point pans the map when clicked.  This direction is from the center to the midpoint (or corner) in the specified direction and may not be geographically correct (i.e., northwest pans towards the top left corner, regardless of which direction northwest is on the map).</ca:description>
    </ca:attribute>
    <ca:attribute>
      <ca:name>PANPERCENT</ca:name>
      <ca:type>
        <ca:value>integer</ca:value>
      </ca:type>
      <ca:class>
        <ca:value>Widget Only</ca:value>
      </ca:class>
      <ca:default>
        <ca:value>50</ca:value>
        <ca:description/>
      </ca:default>
      <ca:possvalues type="range">
        <ca:minimum>0</ca:minimum>
        <ca:maximum>100</ca:maximum>
      </ca:possvalues>
      <ca:description>The amount to pan the map in the given direction as a percentage of the map width and/or height.</ca:description>
    </ca:attribute>
  </ca:widgettag>
  <ca:formelements>
    <ca:formelement>
      <ca:name>NAV_CMD</ca:name>
      <ca:type>
        <ca:value>string</ca:value>
      </ca:type>
      <ca:description>The last navigation command that was used to interact with the map.  Clicking a CompassPoint widget sets this form variable to &quot;COMPASS_POINT&quot;.</ca:description>
    </ca:formelement>
    <ca:formelement>
      <ca:name>NAV_ALLOW_RECTANGLE</ca:name>
      <ca:type>
        <ca:value>boolean</ca:value>
      </ca:type>
      <ca:description>Tracks whether the current navigation tool uses a rubber-banding box or not.  Always FALSE for the CompassPoint. widget.</ca:description>
    </ca:formelement>
  </ca:formelements>
  <ca:jsfunctions>
    <ca:jsfunction>
      <ca:name>NavSetActiveTool</ca:name>
      <ca:scope>
        <ca:value>Private</ca:value>
      </ca:scope>
      <ca:description>Set the active navigation tool for a particular group of tools.</ca:description>
      <ca:parameters>
        <ca:parameter>
          <ca:name>oButton</ca:name>
          <ca:type>
            <ca:value>object</ca:value>
          </ca:type>
          <ca:required>
            <ca:value>true</ca:value>
          </ca:required>
          <ca:description>This is the JavaScript button object that was clicked to cause this function to be called.  May be null.</ca:description>
        </ca:parameter>
        <ca:parameter>
          <ca:name>aVals</ca:name>
          <ca:type>
            <ca:value>array</ca:value>
          </ca:type>
          <ca:required>
            <ca:value>true</ca:value>
          </ca:required>
          <ca:description>Array of parameters that define the navigation tool. The first element is the tool number. The second element is the tool name. The third element is a boolean indicating whether to allow rectangles or not. The fourth element indicates if the page should be automatically submitted when the widget is clicked. The fifth element is a string that defines the cursor type.</ca:description>
        </ca:parameter>
      </ca:parameters>
    </ca:jsfunction>
  </ca:jsfunctions>
  <ca:jsfiles title="JavaScript Files" >
    <ca:jsfile >
      <ca:name>cwc_events.js</ca:name> 
      <ca:description>Widgets can create events for other widgets or user-applications to use by registering events with this event manager.</ca:description>  
      <ca:jsvariables/>
      <ca:jsfunctions/>
    </ca:jsfile>
  </ca:jsfiles>

</ca:widgetdoc>
