<app-context>
    <context-param>
        <param-name>html_docs_url</param-name>
        <param-value>http://localhost/chameleon/docs/</param-value>
        <description>This is the URL to the HTML document folder.  This MUST correspond to the html_docs_path.</description>
    </context-param>
    <context-param>
        <param-name>html_docs_path</param-name>
        <param-value>/ms4w/apps/chameleon/docs/html/</param-value>
        <description>This is the filesystem path to the HTML document folder.  This MUST correspond to the html_docs_url.</description>
    </context-param>
    <context-param>
        <param-name>toc_url</param-name>
        <param-value>./toc_html.html</param-value>
        <description>This is the url and filename of the table of contents page to use.</description>
    </context-param>    
</app-context>