<?xml version="1.0"?>
<!-- ============= -->
<!-- WIDGET HEADER -->
<!-- ============= -->
<!-- !!!!!!!!!!!!!!!!!!!!!!!!!!!!!!!!!!!!!!!!!!!!!!!!!!!!!!!!!!!!!!!!!!!!!!!!!!!!!!!!!!!!!!!!!!!!!!!!! -->
<!-- WARNING:                                                                                          -->
<!-- If you are trying to XML validate \chameleon\utils\xml\templates\doc_include_template.xml         -->
<!-- file you must change the Schema Location:                                                         -->
<!--                                                                                                   -->
<!-- FROM:                                                                                             -->
<!-- "http://localhost/chameleon/utils/xml/schemas ..\..\..\utils\xml\schemas\chameleon_widget_doc.xsd" -->
<!--                                                                                                   -->
<!-- TO:                                                                                               -->
<!-- "http://localhost/chameleon/utils/xml/schemas ..\schemas\chameleon_widget_doc.xsd"         -->
<!-- The reason being is the widget docs are outputted to a different location from the default xml    -->
<!-- template.                                                                                         -->
<!-- !!!!!!!!!!!!!!!!!!!!!!!!!!!!!!!!!!!!!!!!!!!!!!!!!!!!!!!!!!!!!!!!!!!!!!!!!!!!!!!!!!!!!!!!!!!!!!!!! -->
<ca:attributegroupdoc xmlns:ca="http://localhost/chameleon/utils/xml/schemas" xmlns:xsi="http://www.w3.org/2001/XMLSchema-instance" xsi:schemaLocation="http://localhost/chameleon/utils/xml/schemas ..\..\..\utils\xml\schemas\chameleon.xsd">
  <!-- ***************************** -->
  <!-- SPECIFIC DOCUMENT INFORMATION -->
  <!-- ***************************** -->
  <ca:docinfo title="Document Information">
    <ca:intro>The documentation information provided in this section gives specific information on the activities and state of the current widget document.</ca:intro> 
    <ca:language title="Document Language Code">
      <ca:value>en-CA</ca:value>  
      <ca:description>This document is written in Canadian English</ca:description>
    </ca:language>
    <ca:docbuilddate title="Doc_Builder Date">
      <ca:value>1999-12-31</ca:value>  
      <ca:description>The date of the document was last processed through doc builder.</ca:description>
    </ca:docbuilddate>
    <ca:docversion title="Document Repository Version">
      <ca:value>$id:$</ca:value>  
      <ca:description>CVS repository version description</ca:description>
    </ca:docversion>
    <ca:authors title="Authors">
       <ca:intro>The following active authors for this widget document are:</ca:intro>
      <ca:person>
        <ca:name>Doc_Builder</ca:name>
        <ca:company>DM Solutions Group Inc.</ca:company>
        <ca:contact>chameleon@lists.maptools.org</ca:contact>
        <ca:comment></ca:comment> 
      </ca:person>
    </ca:authors>
    <ca:editors title="Editors">
      <ca:intro>The following active editors for this widget document are:</ca:intro>
      <ca:person>
        <ca:name>Christopher R. Thorne</ca:name>
        <ca:company>DM Solutions Group Inc.</ca:company>
        <ca:contact>chameleon@lists.maptools.org</ca:contact>
        <ca:comment></ca:comment> 
      </ca:person>
      <ca:person>
        <ca:name>Paul Spencer</ca:name>
        <ca:company>DM Solutions Group Inc.</ca:company>
        <ca:contact>chameleon@lists.maptools.org</ca:contact>
        <ca:comment></ca:comment> 
      </ca:person>
    </ca:editors>
  </ca:docinfo>
  
  <!-- ********************* -->
  <!-- WIDGET IDENTIFICATION -->
  <!-- ********************* -->
  <ca:identification title="Identification">
    <ca:intro>The main developers of this widget should present themselves below:</ca:intro>  
    
    <ca:name title="Attribute Group Name">
      <ca:value>Base</ca:value>
      <ca:description>The name of this widget based on last current widget name is:</ca:description>
    </ca:name>
    
    <ca:chameleonpack title="Widget Package">
      <ca:value>TBD</ca:value>
      <ca:description>The widget installation package the widget is in.</ca:description>  
    </ca:chameleonpack>
    
    <ca:parentgroup  title="Parent Group">
      <ca:value>Chameleon Core</ca:value>
      <ca:description>All Chameleon widget have access to this attribute group</ca:description>
    </ca:parentgroup>
    
    <ca:version title="Version">
      <ca:value>2.0</ca:value>
      <ca:description>Chameleon Technical Release</ca:description>
    </ca:version>
    
    <ca:releasedate  title="Release Date">
      <ca:value>2005-01-10</ca:value>
      <ca:description>Chameleon Technical Release</ca:description>
    </ca:releasedate>
    
    <ca:maturitylevel title="Maturity Level">
      <ca:value>TECHRELEASE</ca:value>
      <ca:description></ca:description>   
    </ca:maturitylevel>
    
    <ca:developers title="Developers">
      <ca:person>
        <ca:name>Paul Spencer</ca:name>
        <ca:company>DM Solutions Group Inc.</ca:company>
        <ca:contact>chameleon@maptools.org</ca:contact>
        <ca:comment></ca:comment>
      </ca:person>
    </ca:developers>
    
  </ca:identification>  
  <!-- ************************** -->
  <!-- WIDGET GENERAL DESCRIPTION -->
  <!-- ************************** -->  
  <ca:descriptions title="Description">
      <ca:intro>This section holds all content description for a specific widget.</ca:intro>
    <!-- ************************************* -->
    <!-- WIDGET DESCRIPTION                    -->
    <!-- ************************************* -->          
    <ca:description title="General Description">
        <ca:intro>The general description of the importance of the current widget.</ca:intro>
        <ca:paras>
          <ca:para>Base attributes are common to all widgets. All widgets require the TYPE attribute to be defined, while other Base attributes have default settings when not explicitly defined.</ca:para>
        </ca:paras>
    </ca:description>
    <!-- **************************************************** -->
    <!-- TECHINCAL REQUIREMENT  DESCRIPTIONS -->
    <!-- **************************************************** -->         
    <ca:techrequirements title="Technical Requirements">
      <ca:intro>Some widget require specific software installed or configuration that limits it ability to function within a normal chameleon installation.  </ca:intro>
      <ca:paras title="">
        <ca:para></ca:para>
      </ca:paras>
    </ca:techrequirements>    
    <!-- ************************************* -->
    <!-- WIDGET DEPENDENCY             -->
    <!-- ************************************* -->    
    <ca:dependancies title="Dependencies">
      <ca:intro>In order for the widget to function, the following Chameleon features may be required.</ca:intro>   
      <ca:dependancy title="For All Widgets" type="Attribute">
        <ca:para>The Base Attribute Group is used by all widgets and therefore has no dependencies itself. However, if you look at it from the widgets' point of view, the Base Attribute Group provides a dependency for all Chameleon widgets. This is particularly true when considering that all widgets must declare the required Base attribute called TYPE, which defines their function.</ca:para>
      </ca:dependancy>
    </ca:dependancies>
    <!-- ************************************* -->
    <!-- SHARED RESOURCES             -->
    <!-- ************************************* -->
    <ca:sharedresources title="Shared Resources">
      <ca:intro>The type of attributes used by this widget determines what kind of Shared Resources the widget can use.</ca:intro>
      <ca:paras title="None Available">
        <ca:para>When a widget uses an attribute group as part of its own attribute set, it also gains access to the attribute group's Shared Resources. In the case of the Base Attribute Group, there are no global Shared Resources defined.</ca:para>
      </ca:paras>
    </ca:sharedresources>
    <!-- ************************************ -->
    <!-- WIDGET GENERAL USER INFO -->
    <!-- ************************************ --> 
    <ca:embeddedhelp title="General User Interface Help">
      <ca:intro>This section holds the string that is displayed within a chameleon application when the EmbeddedHelp widget is used.</ca:intro>
      <ca:paras title="">
        <ca:para></ca:para>
      </ca:paras>
    </ca:embeddedhelp>      
    <!-- ************************************************************* -->
    <!-- WIDGET DETAILED FUNCTIONALITY DESCRIPTIONS -->
    <!-- ************************************************************** --> 
    <ca:guinotes title="Interface Functionality">
      <ca:intro>In many cases when a Chameleon Widgets is declared within an HTML Chameleon Application Template the widget is accessible visibly to the user. It is important to outline how a user can us the interface of this widgets. </ca:intro>
      <ca:guinote type="None" title="">
        <ca:para></ca:para>
      </ca:guinote>
    </ca:guinotes>

    <!-- ********************* -->
    <!-- WIDGET QA INFO -->
    <!-- ********************* -->          
    <ca:qanotes title="Quality Assurance">
      <ca:intro>Any important QA information should be outlined here for the specific widget being described in this document. </ca:intro>
      <ca:paras title="">
        <ca:para></ca:para>
      </ca:paras>
    </ca:qanotes>
  </ca:descriptions>
  <!-- ********************************* -->
  <!-- WIDGET TAG STRUCTURE  -->
  <!-- ********************************* -->
  <ca:tagstructures title="Tag Syntax">
    <ca:intro>The tag syntax of the widget and possible shared resource is outlined here. It is important to show how the tag structure is declared within an HTML, because it will help to determine where and how an attribute is declared.  It is important to note that Shared Resource may also be declared through a specific widget. If this is the case for the current widget than there should be a shared resource tag syntax definition below the widget. If a widget utilizes an Attribute Group the current widget will also have access to the Attribute Group Shared Resource.</ca:intro>
    <ca:tagstructure title="Default Widget Syntax">
        <ca:description></ca:description>
      <ca:code>
       <ca:description></ca:description>
        <ca:codeblock bold="true">      
          <ca:line>&lt;CWC2 TYPE=&quot;ChameleonWidget&quot;</ca:line> 
        </ca:codeblock>
        <ca:codeblock  bold="false">
          <ca:line>   ENABLED=&quot;[TRUE|FALSE]&quot;</ca:line>
          <ca:line>   FORMINDEX=&quot;[0 &lt; integer]&quot;</ca:line>
          <ca:line>   VISIBLE=&quot;[TRUE|FALSE]&quot; /&gt;</ca:line>
        </ca:codeblock>     
      </ca:code>
    </ca:tagstructure>
  </ca:tagstructures>
  <!-- EXAMPLES SECTION -->
  <ca:examples title="Examples">
     <ca:intro>This is the section for all code examples. From Widget, Shared Resource to Advance Scripting examples.</ca:intro>
     <!-- Widget Examples -->
     <ca:widgetexamples title="Widget Examples">
      <ca:intro>Below are examples of Chameleon widget tags that could be placed into an HTML template with little to no attribute value changes. All Widget Tags should be placed between the HTML &lt;form&gt; &lt;/form&gt; tag with the Template. </ca:intro>
      <ca:example  title="Example #1: The Simplest Widget">
        <ca:description>The most basic widget example. In some cases some widget only required the Base Attribute Group for that widget to be defined. This can be because the widget simply does not have any other widget attributes, if the widget does have other attributes these attributes are optional and therefore have default values. An example of this is the KeepSessionAlive widget. Where it has one extra attribute TIMEOUT with a default of 1800 seconds. </ca:description>
        <ca:code>
          <ca:codeblock bold="false">
            <ca:line>&lt;cwc2 type=&quot;KeepSessionAlive&quot;/&gt;</ca:line>
          </ca:codeblock>
        </ca:code>
      </ca:example>
    </ca:widgetexamples>
 </ca:examples>
 
  <!-- ********************** -->
  <!-- ATTRIBUTES LIST  -->
  <!-- ********************** -->
  <ca:widgettag title="Attributes">
    <ca:intro>This Attribute section outlines the declared attributes found specifically within this specific widget. This attributes declared include: Widget Attributes, Shared Resource Attributes, as well as Widget XML Sub Tags and Sub Tag attribute groupings.</ca:intro>
      <ca:name>&lt;CWC2 /&gt;</ca:name>
      <ca:type title="Type">
         <ca:value>XML</ca:value>
         <ca:description>Parent XML Element (Chameleon Widget Tag)</ca:description>
      </ca:type>
      <ca:required>true</ca:required>
      <ca:class title="Class">
        <ca:value>Required</ca:value>
      </ca:class>
   <ca:description>All widgets within the Chameleon HTML template are defined with this tag. All widget-specific attributes and Child Element subtags must be declared within this XML tag.</ca:description>     
     <!-- Child Widget Attributes to CWC2 tag --> 
    <ca:attribute>
    <ca:name>ENABLED</ca:name>
    <ca:type>
      <ca:value>boolean</ca:value>
    </ca:type>
    <ca:class>
      <ca:value>Widget Only</ca:value>
    </ca:class>
    <ca:default>
      <ca:value>true</ca:value>
    </ca:default>
    <ca:possvalues type="list">
      <ca:value>true</ca:value>
      <ca:value>false</ca:value>
    </ca:possvalues>
    <ca:description>Enable or disable the widget in the interface. By default, all widgets are enabled.  If set to false, the widget is essentially removed from the application - no functionality provided by the widget will be present in the JavaScript or HTML of the page.  It is not possible to disable a widget by putting it inside an HTML comment tag, so do not try it! </ca:description>
  </ca:attribute>     
     <ca:attribute>
        <ca:name>FORMINDEX</ca:name>
        <ca:type title="Type">
         <ca:value>integer</ca:value>
         <ca:description></ca:description>
        </ca:type>
        <ca:class title="Class">
          <ca:value>Widget Only</ca:value>
        </ca:class>
      <ca:default title="Default">
      <ca:value>0</ca:value>
      <ca:description></ca:description>
      </ca:default>
      <ca:possvalues type="range" title="Value">
    <ca:minimum>0</ca:minimum>
    <ca:maximum>2147483647</ca:maximum>
      </ca:possvalues>
      <ca:description>Widgets that include form variables and JavaScript (which is essentially all of them) use this value to manipulate the form variable values from JavaScript.  There is normally one form in a Chameleon application template and its index is 0. In some cases, it is desirable or necessary to have additional forms that are not related to Chameleon but are part of the overall Web application.  If the Chameleon widgets appear inside any form except the first form (i.e., with index 0), then a formindex attribute must be included inside all the widgets that are part of a different form.  It is important to note that the first form is index 0.</ca:description>
    </ca:attribute>
    <ca:attribute>
        <ca:name>TYPE</ca:name>
        <ca:type title="Type">
         <ca:value>string</ca:value>
         <ca:description></ca:description>         
        </ca:type>
        <ca:class title="Class">
          <ca:value>Required</ca:value>   
        </ca:class>
      <ca:possvalues type="list" title="Value">
      <ca:value>CWCWIDGET</ca:value>
      </ca:possvalues>
      <ca:description>Indicate the actual widget object to create for this tag. This attribute is the most important attribute for all widgets and is required by all widgets. The widget name is declared by the widget file found in the following directory path: &quot;./chameleon/htdocs/widgets/[WidgetName]/[WidgetName].widget.php&quot;. Notice that most widget names contain capital characters. Widget names are considered case-sensitive, even though some operating systems (e.g., Windows, OSX) may not notice the difference.</ca:description>
    </ca:attribute>
    <ca:attribute>
    <ca:name>VISIBLE</ca:name>
    <ca:type>
      <ca:value>boolean</ca:value>
    </ca:type>
    <ca:class>
      <ca:value>Widget Only</ca:value>
    </ca:class>
    <ca:default>
      <ca:value>true</ca:value>
    </ca:default>
    <ca:possvalues type="list">
      <ca:value>true</ca:value>
      <ca:value>false</ca:value>
    </ca:possvalues>
    <ca:description>Make the widget visible or not visible in the page. Widgets that are not visible are processed normally, including all form variables and JavaScript code, but the final representation of the widget in the page is hidden.  This feature has not been widely tested and may cause errors.  This feature would normally be used to include the JavaScript functions of a widget in a page, but provide a separate user interface for them.</ca:description>
  </ca:attribute>
  </ca:widgettag>
  <!-- ********************* -->
  <!-- WIDGET ERRORS -->
  <!-- ********************* -->  
  <ca:errors title ="Widget Errors">
    <ca:intro>Errors that are potentially created from the us of the specific widget can be documented here. The Idea of this section is to document the possible different errors specific to this widget and also provide possible reason for the error.</ca:intro>
    <ca:error title="">
      <ca:type title="Type">
        <ca:value>PHP Mapscript</ca:value>
      </ca:type>
      <ca:severity title="Severity">
        <ca:value>none</ca:value>
        <ca:description></ca:description>
      </ca:severity>
      <ca:message title="Error Message">
    <ca:intro></ca:intro>
        <ca:paras title="">
      <ca:para>Error message string....</ca:para>
        </ca:paras>
      </ca:message>
      <ca:meaning  title="Interpretation">
    <ca:intro></ca:intro>
        <ca:paras title="">
      <ca:para>The description of what the message means......</ca:para>
        </ca:paras>      
      </ca:meaning>
      <ca:solution title="Troubleshooting Tips">
    <ca:intro>Any possible Solution that will help application developers troubleshoot and or fix problem.</ca:intro>
    <ca:paras title="">
      <ca:para>Any possible Solution that will help application developers troubleshoot and or fix problem.</ca:para>
    </ca:paras>             
      </ca:solution>
    </ca:error>
  </ca:errors>
  <!-- ************************** -->
  <!-- END OF WIDGET XML DOCUMENT -->
  <!-- ************************** -->
</ca:attributegroupdoc>
