<?xml version="1.0"?>
<!-- ============= -->
<!-- WIDGET HEADER -->
<!-- ============= -->
<!-- !!!!!!!!!!!!!!!!!!!!!!!!!!!!!!!!!!!!!!!!!!!!!!!!!!!!!!!!!!!!!!!!!!!!!!!!!!!!!!!!!!!!!!!!!!!!!!!!! -->
<!-- WARNING:                                                                                          -->
<!-- If you are trying to XML validate \chameleon\utils\xml\templates\doc_include_template.xml         -->
<!-- file you must change the Schema Location:                                                         -->
<!--                                                                                                   -->
<!-- FROM:                                                                                             -->
<!-- "http://localhost/chameleon/utils/xml/schemas ..\..\..\utils\xml\schemas\chameleon_widget_doc.xsd" -->
<!--                                                                                                   -->
<!-- TO:                                                                                               -->
<!-- "http://localhost/chameleon/utils/xml/schemas ..\schemas\chameleon_widget_doc.xsd"         -->
<!-- The reason being is the widget docs are outputted to a different location from the default xml    -->
<!-- template.                                                                                         -->
<!-- !!!!!!!!!!!!!!!!!!!!!!!!!!!!!!!!!!!!!!!!!!!!!!!!!!!!!!!!!!!!!!!!!!!!!!!!!!!!!!!!!!!!!!!!!!!!!!!!! -->
<ca:attributegroupdoc xmlns:ca="http://localhost/chameleon/utils/xml/schemas" xmlns:xsi="http://www.w3.org/2001/XMLSchema-instance" xsi:schemaLocation="http://localhost/chameleon/utils/xml/schemas ..\..\..\utils\xml\schemas\chameleon.xsd">
  <!-- ***************************** -->
  <!-- SPECIFIC DOCUMENT INFORMATION -->
  <!-- ***************************** -->
  <ca:docinfo title="Document Information">
    <ca:intro>The documentation information provided in this section. Gives specific information on the activities and state of the current widget document.</ca:intro> 
    <ca:language title="Document Language Code">
      <ca:value>en-CA</ca:value>  
      <ca:description>This document is written in Canadian English</ca:description>
    </ca:language>
    <ca:docbuilddate title="Doc_Builder Date">
      <ca:value>1999-12-31</ca:value>  
      <ca:description>The date of the document was last processed through doc builder.</ca:description>
    </ca:docbuilddate>
    <ca:docversion title="Document Repository Version">
      <ca:value>$id:$</ca:value>  
      <ca:description>CVS repository version description</ca:description>
    </ca:docversion>
    <ca:authors title="Authors">
       <ca:intro>The following active authors for this widget document are:</ca:intro>
      <ca:person>
        <ca:name>Doc_Builder</ca:name>
        <ca:company>DM Solutions Group Inc.</ca:company>
        <ca:contact>chameleon@lists.maptools.org</ca:contact>
        <ca:comment></ca:comment> 
      </ca:person>
    </ca:authors>
    <ca:editors title="Editors">
      <ca:intro>The following active editors for this widget document are:</ca:intro>
      <ca:person>
        <ca:name>Christopher R. Thorne</ca:name>
        <ca:company>DM Solutions Group Inc.</ca:company>
        <ca:contact>chameleon@lists.maptools.org</ca:contact>
        <ca:comment></ca:comment> 
      </ca:person>
      <ca:person>
        <ca:name>Paul Spencer</ca:name>
        <ca:company>DM Solutions Group Inc.</ca:company>
        <ca:contact>chameleon@lists.maptools.org</ca:contact>
        <ca:comment></ca:comment> 
      </ca:person>
    </ca:editors>
  </ca:docinfo>
  <!-- ********************* -->
  <!-- WIDGET IDENTIFICATION -->
  <!-- ********************* -->
  <ca:identification title="Identification">
    <ca:intro>The main developers of this widget should present them selves bellow:</ca:intro>  
    
    <ca:name title="Attribute Group Name">
      <ca:value>Button</ca:value>
      <ca:description>The name of this widget based on last current widget name is:</ca:description>
    </ca:name>
    
    <ca:chameleonpack title="Widget Package">
      <ca:value>TBD</ca:value>
      <ca:description>The widget installation package the widget is in.</ca:description>  
    </ca:chameleonpack>
    
    <ca:parentgroup  title="Parent Group">
      <ca:value>Button Widgets</ca:value>
      <ca:description></ca:description>
    </ca:parentgroup>
    
    <ca:version title="Version">
      <ca:value>2.0</ca:value>
      <ca:description>Chameleon Technical Release</ca:description>
    </ca:version>
    
    <ca:releasedate  title="Release Date">
      <ca:value>2005-01-10</ca:value>
      <ca:description>Chameleon Technical Release</ca:description>
    </ca:releasedate>
    
    <ca:maturitylevel title="Maturity Level">
      <ca:value>TECHRELEASE</ca:value>
      <ca:description></ca:description>   
    </ca:maturitylevel>
    
    <ca:developers title="Developers">
      <ca:person>
        <ca:name>Paul Spencer</ca:name>
        <ca:company>DM Solutions Group Inc.</ca:company>
        <ca:contact>chameleon-user@maptools.org</ca:contact>
        <ca:comment></ca:comment>
      </ca:person>
    </ca:developers>
    
  </ca:identification>  
  <!-- ************************** -->
  <!-- WIDGET GENERAL DESCRIPTION -->
  <!-- ************************** -->  
  <ca:descriptions title="Description">
      <ca:intro>This section holds all content description for a specific widget.</ca:intro>
    <!-- ************************************* -->
    <!-- WIDGET DESCRIPTION                    -->
    <!-- ************************************* -->          
    <ca:description title="General Description">
        <ca:intro>The general description of the importance of the current widget.</ca:intro>
        <ca:paras title="Overview">
          <ca:para>Button attributes define the images, graphics, styles, and labels for any widget that wishes to display buttons. This includes buttons that are found either in the main interface or in the widget popup windows. Groups of buttons can be styled the same or separately by using style resources to control their appearance.</ca:para>
          <ca:para>Buttons are the most common user interface for widgets.  Chameleon's support for buttons is very flexible, but it is also one of the more complex aspects of Chameleon. However, it is possible to use buttons without really knowing a lot about customizing them.  Advanced configuration of buttons is discussed in the Application Developer's Guide.</ca:para>
        </ca:paras>
        <ca:paras title="Single- vs. Multi-state Buttons">
          <ca:para>Single-state buttons are those represented by a single image.  There provide no dynamic effects, such as the button changing when the user's mouse moves over the image.  When the image is clicked, the widget is activated in some way.</ca:para>
          <ca:para>Multi-state buttons are those that change dynamically in response to the user's actions, such as moving the mouse over the button or clicking it.</ca:para>
          <ca:para>There are four separate &quot;states&quot; defined for dynamic buttons: normal, hover, selected, and disabled.  The normal state is used to describe the representation of the button when it is not being interacted with by the user.  The hover state is used to describe the representation of the button when the user has the mouse over the button.  The selected state is used to describe the representation of the button when it is selected, either because the user has pressed the left mouse button when over it or because the button is the active button of a toolset.  The disabled state is used to describe the representation of the button when it is disabled, for example when a widget's functionality is not currently available.</ca:para>
        </ca:paras>
        <ca:paras title="Statically vs. Dynamically Generated Buttons">
          <ca:para>Most Button attributes are used to define dynamically generated buttons, where the representation of a button is created at runtime (subject to caching rules) from the various attributes by combining border styles, colors, graphics, and labels.  This approach has the advantage of ensuring a common look-and-feel for all buttons, and making it easy to change their appearance quickly without having to regenerate button images.  With advanced caching, the buttons are only ever generated as needed.  However, even though the button generation algorithms (or the &quot;buttonizer&quot;) are very flexible, they are designed to construct buttons that match certain rules.  If these rules do not suit your application, you have the option to pre-generate buttons and refer to the images directly.  In this case, the images are the entire button.</ca:para>
          <ca:para>In either case, statically and dynamically generated buttons can be used to define both single- and multi-state buttons.</ca:para>
        </ca:paras>
        <ca:paras title="More On Multi-state, Dynamically Generated Buttons">
          <ca:para>Multi-state, dynamically generated buttons seem to be the most commonly used type of button, because they are flexible to design and intuitive for users.  However, they are also the most difficult to understand for the application developer.  To support multi-state buttons, every widget that uses the Button Attribute Group inherits the ability to have &lt;image/&gt; subtags that can define the button in each state.  To support dynamically generated buttons through common definitions, the Style resource (described below) has the ability to define both common attributes and state-specific attributes (in a &lt;state&gt; subtag of the shared resource).</ca:para>
          <ca:para>The ability to define multiple states in several places introduces both flexibility and complexity.  It is recommended that users unfamiliar with Chameleon buttons read the Application Developer's Guide before attempting to create complex buttons.</ca:para>
        </ca:paras>
        <ca:paras title="Toolsets">
          <ca:para>Button attributes also provide the ability to indicate that several buttons are mutually exclusive.  In Chameleon, a group of mutually exclusive buttons is called a &quot;toolset&quot;.  To make a widget part of a toolset, simply set the TOOLSET attribute in the widget tag.  When a widget that is part of a toolset is activated (by clicking its button), all other widgets that are part of the same toolset are automatically deactivated.  Toolsets are commonly used for navigation buttons (where only one type of navigation can be performed at any one time) and for creating tabs.</ca:para>  
        </ca:paras>
        
    </ca:description>
    <!-- **************************************************** -->
    <!-- TECHINCAL REQUIREMENT  DESCRIPTIONS -->
    <!-- **************************************************** -->         
    <ca:techrequirements title="Technical Requirements">
      <ca:intro>Some widget require specific software installed or configuration that limits it ability to function within a normal chameleon installation.  </ca:intro>
      <ca:paras title="">
        <ca:para></ca:para>
      </ca:paras>
    </ca:techrequirements>    
    <!-- ************************************* -->
    <!-- WIDGET DEPENDANCY             -->
    <!-- ************************************* -->    
    <ca:dependancies title="Dependancies">
      <ca:intro>In order for the widget to function, the following Chameleon features may be required.</ca:intro>   
      <ca:dependancy title="Widgets Use Attribute Groups" type="Widget">
        <ca:para>Only widgets that use this attribute group can use any of its features, including the Shared Resources defined for this attribute group. This use can only be defined within a widget's code.</ca:para>
      </ca:dependancy>
    </ca:dependancies>
    <!-- ************************************* -->
    <!-- SHARED RESOURCES             -->
    <!-- ************************************* -->
    <ca:sharedresources title="Shared Resources">
      <ca:intro>The type of attributes used by this widget determines what kind of Shared Resources the widget can use.</ca:intro>
      <ca:paras title="Introduction">
        <ca:para>When a widget uses this attribute group as part of its own widget attribute set, it gains access to this attribute group's Shared Resources.</ca:para>
      </ca:paras>  
      <ca:paras title="Style Resource">
        <ca:para>The Button Attribute Group has many attribute options to define a button's style.  Often, it is desirable to share many of these style attributes between all the buttons in an application and then only change the remaining small subset of them.  For example, all buttons may share the same border styles and background color, but each button will have a unique label.  The Style shared resource is a global placeholder for button attributes that can be referenced by many widgets that include button attributes. Style shared resources help Chameleon application developers define and manage different button styles for any given application. </ca:para>
        <ca:para>
          A Style shared resource can have any name. The STYLERESOURCE attribute is used to tell a button which Style resource to use when drawing the button. Chameleon application developers may want to include more than one Style shared resource in the same HTML template, to make different groups of interface buttons look different. For example, the sample applications distributed with Chameleon use &quot;TextButtons&quot; for buttons that have labels, &quot;NavButtons&quot; for buttons that just have a small graphic, and &quot;TabButtons&quot; for defining tabs.
        </ca:para>
      </ca:paras>
      <ca:paras title="Attribute Priority">
        <ca:para>With the TextButtons shared resource, there are three locations for button attributes to be defined: a widget's subtags, the widget tag itself, and the &quot;Named&quot; button style resource. It is in that order that Chameleon prioritizes these attributes. If there is a button attribute that is defined both in the widget and in a shared resource, Chameleon uses the attribute defined in the widget.</ca:para>
      </ca:paras>      
    </ca:sharedresources>
    <!-- ************************************ -->
    <!-- WIDGET GENERAL USER INFO -->
    <!-- ************************************ --> 
    <ca:embeddedhelp title="General User Interface Help">
      <ca:intro>This section holds the string that is displayed within a chameleon application when the EmbeddedHelp widget is used.</ca:intro>
      <ca:paras title="">
        <ca:para></ca:para>
      </ca:paras>
    </ca:embeddedhelp>      
    <!-- ************************************************************* -->
    <!-- WIDGET DETAILED FUNCTIONALITY DESCRIPTIONS -->
    <!-- ************************************************************** --> 
    <ca:guinotes title="Interface Functionality">
      <ca:intro>In many cases when a Chameleon Widgets is declared within an HTML Chameleon Application Template the widget is accessible visiblely to the user. It is important to outline how a user can us the interface of this widgets. </ca:intro>
      <ca:guinote type="None" title="">
        <ca:para></ca:para>
      </ca:guinote>
    </ca:guinotes>

    <!-- ********************* -->
    <!-- WIDGET QA INFO -->
    <!-- ********************* -->          
    <ca:qanotes title="Quality Assurance">
      <ca:intro>Any important QA information should be outlined here for the specific widget being described in this document. </ca:intro>
      <ca:paras title="None.">
        <ca:para></ca:para>
      </ca:paras>
    </ca:qanotes>
  </ca:descriptions>
  <!-- ********************************* -->
  <!-- WIDGET TAG STRUCTURE  -->
  <!-- ********************************* -->
  <ca:tagstructures title="Tag Syntax">
    <ca:intro>The tag syntax of the widget and possible shared resource is outlined here. It is important to show how the tag structure is declared within an HTML, because it will help to determine where and how an attribute is declared.  It is important to note that Shared Resource may also be declared through a specific widget. If this is the case for the current widget than there should be a shared resource tag syntax definition below the widget. If a widget utilizes an Attribute Group the current widget will also have access to the Attribute Group Shared Resource.</ca:intro>
    <ca:tagstructure title="Widget Syntax">
        <ca:description></ca:description>
      <ca:code title="">
       <ca:description>The &quot;ButtonWidget&quot; TYPE below is used only as an example name; no such widget exists. The widget syntax below defines a widget that uses this attribute group.</ca:description>
        <ca:codeblock bold="true">
          <ca:line>&lt;CWC2 TYPE=&quot;ButtonWidget&quot;</ca:line>
        </ca:codeblock>
        <ca:codeblock bold="false">
          <ca:line>   ENABLED=&quot;[TRUE|FALSE]&quot;</ca:line>
          <ca:line>   FORMINDEX=&quot;[0 &lt; integer]&quot;</ca:line>
          <ca:line>   VISIBLE=&quot;[TRUE|FALSE]&quot;</ca:line>
          <ca:line></ca:line>
          <ca:line>   &lt;!-- Button Attribute Group--&gt;</ca:line>
          <ca:line></ca:line>
          <ca:line>   BACKGROUNDIMAGE=&quot;[path]&quot;</ca:line>
          <ca:line>   DEFAULT=&quot;[TRUE|FALSE]&quot;</ca:line>
          <ca:line>   IMAGE=&quot;[path]&quot;</ca:line>
          <ca:line>   IMAGEHEIGHT=&quot;[integer]&quot;</ca:line>
          <ca:line>   IMAGETIP=&quot;[string]&quot;</ca:line>
          <ca:line>   IMAGEWIDTH=&quot;[integer]&quot;</ca:line>
          <ca:line>   LABELALIGN=&quot;[LEFT|CENTER|RIGHT]&quot;</ca:line>
          <ca:line>   LABELANTIALIAS=&quot;[TRUE|FALSE]&quot;</ca:line>
          <ca:line>   LABELCOLOR=&quot;[#RRGGBB]&quot;</ca:line>
          <ca:line>   LABELFONT=&quot;[string]&quot;</ca:line>
          <ca:line>   LABELFONTSIZE=&quot;[0 &lt; integer]&quot;</ca:line>
          <ca:line>   ONCLICK=&quot;[string]&quot;</ca:line>
          <ca:line>   STYLERESOURCE=&quot;[string]&quot;</ca:line>
          <ca:line>   TEXTBUTTONBORDER=&quot;[path]&quot;</ca:line>
          <ca:line>   TEXTBUTTONBORDER_BOTTOM_IMAGE=&quot;[path]&quot;</ca:line>
          <ca:line>   TEXTBUTTONBORDER_BOTTOMLEFT_IMAGE=&quot;[path]&quot;</ca:line>
          <ca:line>   TEXTBUTTONBORDER_BOTTOMRIGHT_IMAGE=&quot;[path]&quot;</ca:line>
          <ca:line>   TEXTBUTTONBORDER_LEFT_IMAGE=&quot;[path]&quot;</ca:line>
          <ca:line>   TEXTBUTTONBORDER_RIGHT_IMAGE=&quot;[path]&quot;</ca:line>
          <ca:line>   TEXTBUTTONBORDER_TOP_IMAGE=&quot;[path]&quot;</ca:line>
          <ca:line>   TEXTBUTTONBORDER_TOPLEFT_IMAGE=&quot;[path]&quot;</ca:line>
          <ca:line>   TEXTBUTTONBORDER_TOPRIGHT_IMAGE=&quot;[path]&quot;</ca:line>
          <ca:line>   TEXTBUTTONCOLOR=&quot;[#RRGGBB]&quot;</ca:line>
          <ca:line>   TEXTBUTTONNUDGE=&quot;[integer]&quot;</ca:line>
          <ca:line>   TEXTBUTTONPADDING=&quot;[0 &lt; integer]&quot;</ca:line>
          <ca:line>   TOOLSET=&quot;[string]&quot;</ca:line>
          <ca:line>   USETEXTBUTTONCACHE=&quot;[TRUE|FALSE]&quot;&gt;</ca:line>               
          <ca:line></ca:line>
          <ca:line>&lt;!-- Button Subtag Group example--&gt;</ca:line>
          <ca:line>&lt;!-- this can include any of the above parameters --&gt;</ca:line>
          <ca:line></ca:line>
          <ca:line>      &lt;IMAGE STATE=&quot;[NORMAL|SELECTED|HOVER|DISABLED]&quot;</ca:line>
          <ca:line>         IMAGE=&quot;[path]&quot; LABEL=&quot;[string]&quot;/&gt;</ca:line>  
        </ca:codeblock>  
        <ca:codeblock bold="true">
          <ca:line>&lt;/CWC&gt;</ca:line>
        </ca:codeblock>        
      </ca:code>
    </ca:tagstructure>
  <ca:tagstructure title="Shared Resource Syntax">
    <ca:description>The syntax below uses the NAMEd &quot;TextButton&quot; state of the Button shared resource.</ca:description>
    <ca:code title="TextButton (Default)">
      <ca:codeblock bold="true">
        <ca:line>&lt;CWC2 TYPE=&quot;SharedResource&quot; </ca:line>
        <ca:line>   NAME=&quot;TextButton&quot;&gt;</ca:line>
      </ca:codeblock>         
      <ca:codeblock bold="false"> 
        <ca:line>   &lt;BACKGROUNDIMAGE VALUE=&quot;[path]&quot;/&gt;</ca:line>
        <ca:line>   &lt;DEFAULT VALUE=&quot;[TRUE|FALSE]&quot;/&gt;</ca:line>
        <ca:line>   &lt;IMAGE=&quot;[path]&quot;/&gt;</ca:line>
        <ca:line>   &lt;IMAGEHEIGHT VALUE=&quot;[integer]&quot;/&gt;</ca:line>
        <ca:line>   &lt;IMAGETIP VALUE=&quot;[string]&quot;/&gt;</ca:line>
        <ca:line>   &lt;IMAGEWIDTH VALUE=&quot;[integer]&quot;/&gt;</ca:line>
        <ca:line>   &lt;LABELALIGN VALUE=&quot;[LEFT|CENTER|RIGHT]&quot;/&gt;</ca:line>
        <ca:line>   &lt;LABELANTIALIAS VALUE=&quot;[TRUE|FALSE]&quot;/&gt;</ca:line>
        <ca:line>   &lt;LABELCOLOR VALUE=&quot;[#RRGGBB]&quot;/&gt;</ca:line>
        <ca:line>   &lt;LABELFONT VALUE=&quot;[string]&quot;/&gt;</ca:line>
        <ca:line>   &lt;LABELFONTSIZE VALUE=&quot;[0 &lt; integer]&quot;/&gt;</ca:line>
        <ca:line>   &lt;ONCLICK VALUE=&quot;[string]&quot;/&gt;</ca:line>
        <ca:line>   &lt;TEXTBUTTONBORDER VALUE=&quot;[path]&quot;/&gt;</ca:line>
        <ca:line>   &lt;TEXTBUTTONBORDER_BOTTOM_IMAGE VALUE=&quot;[path]&quot;/&gt;</ca:line>
        <ca:line>   &lt;TEXTBUTTONBORDER_BOTTOMLEFT_IMAGE VALUE=&quot;[path]&quot;/&gt;</ca:line>
        <ca:line>   &lt;TEXTBUTTONBORDER_BOTTOMRIGHT_IMAGE VALUE=&quot;[path]&quot;/&gt;</ca:line>
        <ca:line>   &lt;TEXTBUTTONBORDER_LEFT_IMAGE VALUE=&quot;[path]&quot;/&gt;</ca:line>
        <ca:line>   &lt;TEXTBUTTONBORDER_RIGHT_IMAGE VALUE=&quot;[path]&quot;/&gt;</ca:line>
        <ca:line>   &lt;TEXTBUTTONBORDER_TOP_IMAGE VALUE=&quot;[path]&quot;/&gt;</ca:line>
        <ca:line>   &lt;TEXTBUTTONBORDER_TOPLEFT_IMAGE VALUE=&quot;[path]&quot;/&gt;</ca:line>
        <ca:line>   &lt;TEXTBUTTONBORDER_TOPRIGHT_IMAGE VALUE=&quot;[path]&quot;/&gt;</ca:line>
        <ca:line>   &lt;TEXTBUTTONCOLOR VALUE=&quot;[#RRGGBB]&quot;/&gt;</ca:line>
        <ca:line>   &lt;TEXTBUTTONNUDGE VALUE=&quot;[integer]&quot;/&gt;</ca:line>
        <ca:line>   &lt;TEXTBUTTONPADDING VALUE=&quot;[0 &lt; integer]&quot;/&gt;</ca:line>
        <ca:line>   &lt;USETEXTBUTTONCACHE VALUE=&quot;[TRUE|FALSE]&quot;/&gt;</ca:line>    
          <ca:line></ca:line>
        <ca:line>   &lt;!-- Button State Shared Resource  Subtag Group --&gt;</ca:line>
        <ca:line></ca:line>        
        <ca:line>   &lt;STATE VALUE=&quot;[NORMAL|SELECTED|HOVER|DISABLED]&quot;&gt;</ca:line>
        <ca:line>      &lt;TEXTBUTTONBORDER VALUE=&quot;[path]&quot;/&gt;</ca:line>
        <ca:line>      &lt;TEXTBUTTONBORDER_BOTTOM_IMAGE VALUE=&quot;[path]&quot;/&gt;</ca:line>
        <ca:line>      &lt;TEXTBUTTONBORDER_BOTTOMLEFT_IMAGE VALUE=&quot;[path]&quot;/&gt;</ca:line>
        <ca:line>      &lt;TEXTBUTTONBORDER_BOTTOMRIGHT_IMAGE VALUE=&quot;[path]&quot;/&gt;</ca:line>
        <ca:line>      &lt;TEXTBUTTONBORDER_LEFT_IMAGE VALUE=&quot;[path]&quot;/&gt;</ca:line>
        <ca:line>      &lt;TEXTBUTTONBORDER_RIGHT_IMAGE VALUE=&quot;[path]&quot;/&gt;</ca:line>
        <ca:line>      &lt;TEXTBUTTONBORDER_TOP_IMAGE VALUE=&quot;[path]&quot;/&gt;</ca:line>
        <ca:line>      &lt;TEXTBUTTONBORDER_TOPLEFT_IMAGE VALUE=&quot;[path]&quot;/&gt;</ca:line>
        <ca:line>      &lt;TEXTBUTTONBORDER_TOPRIGHT_IMAGE VALUE=&quot;[path]&quot;/&gt;</ca:line>
        <ca:line>      &lt;TEXTBUTTONCOLOR VALUE=&quot;[#RRGGBB]&quot;/&gt;</ca:line>
        <ca:line>      &lt;TEXTBUTTONNUDGE VALUE=&quot;[integer]&quot;/&gt;</ca:line>
        <ca:line>      &lt;TEXTBUTTONPADDING VALUE=&quot;[0 &lt; integer]&quot;/&gt;</ca:line>
        <ca:line>   &lt;/STATE&gt;</ca:line>
      </ca:codeblock>
      <ca:codeblock bold="true">
        <ca:line>&lt;/CWC2&gt;</ca:line>
      </ca:codeblock> 
    </ca:code> 
  </ca:tagstructure>
  </ca:tagstructures>
  <!-- EXAMPLES SECTION -->
  <ca:examples title="Examples">
     <ca:intro>This is the section for all code examples. From Widget, Shared Resource to Advance Scripting examples.</ca:intro>
     <!-- Widget Examples -->
     <ca:widgetexamples title="Widget Examples">
      <ca:intro>Below are examples of Chameleon widget tags that could be placed into an HTML template with little to no attribute value changes. All Widget Tags should be placed between the HTML &lt;form&gt; &lt;/form&gt; tag with the Template. </ca:intro>
      <ca:example  title="Example #1: Single-state, Statically Generated Button">
        <ca:description>This is an example of a widget that uses a single image from a statically generated image as its button:</ca:description>
        <ca:code title="">
      <ca:description></ca:description>
          <ca:codeblock bold="false">
            <ca:line>&lt;CWC2 TYPE=&quot;ZoomIn&quot; IMAGE=&quot;buttons/button_zoomin_1.png&quot;/&gt;</ca:line>
          </ca:codeblock>
        </ca:code>
      </ca:example>
      <ca:example  title="Example #2: Multi-state, Statically Generated Button">
        <ca:description>This is an example of a widget that uses a multi-state button composed of statically generated images as its button:</ca:description>
        <ca:code title="">
      <ca:description></ca:description>
          <ca:codeblock bold="false">
            <ca:line>&lt;CWC2 state=&quot;ZoomIn&quot;/&gt;</ca:line>
            <ca:line>&lt;image state=&quot;normal&quot; image=&quot;buttons/button_zoomin_1.png&quot;/&gt;</ca:line>
            <ca:line>&lt;image state=&quot;hover&quot; image=&quot;buttons/button_zoomin_2.png&quot;/&gt;</ca:line>
            <ca:line>&lt;image state=&quot;selected&quot; image=&quot;buttons/button_zoomin_3.png&quot;/&gt;</ca:line>
            <ca:line>&lt;/CWC2&gt;</ca:line>
          </ca:codeblock>
        </ca:code>
      </ca:example>
      <ca:example  title="Example #3: Multi-state, Dynamically Generated Button">
        <ca:description>This is an example of a widget that uses a multi-state button composed of dynamically generated images as its button.  The styleresource attribute refers to a SharedResource widget that contains the styling information (see SharedResource Example #2 below).  The graphic to use on the button is defined by the image attribute in the main tag.  The label to use on the button is defined by the label attribute in the main tag.  The &lt;image/&gt; subtags define which states this button will have.  All other styling information comes from the style resource, including the state-specific differences between the buttons.</ca:description>
        <ca:code title="">
      <ca:description></ca:description>
          <ca:codeblock bold="false">
            <ca:line>&lt;CWC2 state=&quot;ZoomIn&quot; styleresource=&quot;TextButtons&quot; image=&quot;icons/icon_zoomin.png&quot; label=&quot;Zoom In&quot;/&gt;</ca:line>
            <ca:line>&lt;image state=&quot;normal&quot;/&gt;</ca:line>
            <ca:line>&lt;image state=&quot;hover&quot;/&gt;</ca:line>
            <ca:line>&lt;image state=&quot;selected&quot;/&gt;</ca:line>
            <ca:line>&lt;/CWC2&gt;</ca:line>
          </ca:codeblock>
        </ca:code>
      </ca:example>
    </ca:widgetexamples>

     <!-- Shared Resources Examples -->
    <ca:sharedresourceexamples title="Shared Resource Examples">
      <ca:intro>If a Shared Resource is defined within the current widget than there should be an example of the Shared Resource Tag. All Shared Resource tags should be placed at the top of the HTML Template.  </ca:intro>
      <ca:example title="Example #1: Simple">
        <ca:description>The example below represents a &quot;TextButtons&quot; shared resource.</ca:description>
        <ca:code>
          <ca:description></ca:description>
            <ca:codeblock bold="false">
              <ca:line>&lt;!-- Default button style for Text Buttons --&gt;</ca:line>
              <ca:line></ca:line>
              <ca:line>&lt;cwc2 type=&quot;SharedResource&quot; name=&quot;TextButtons&quot;&gt;</ca:line>
              <ca:line>   &lt;textbuttonbackgroundimage value=&quot;&quot;/&gt;</ca:line>
              <ca:line>   &lt;imagewidth value=&quot;120&quot;/&gt;</ca:line>
              <ca:line>   &lt;imageheight value=&quot;24&quot;/&gt;</ca:line>
              <ca:line>   &lt;textbuttonpadding value=&quot;0&quot;/&gt;</ca:line>
              <ca:line>   &lt;textbuttonnudge value=&quot;0&quot;/&gt;</ca:line>
              <ca:line>   &lt;labelcolor value=&quot;111111&quot;/&gt;</ca:line>
              <ca:line>   &lt;labelfont value=&quot;fonts/Vera.ttf&quot;/&gt;</ca:line>
              <ca:line>   &lt;labelalign value=&quot;left&quot;/&gt;</ca:line>
              <ca:line>   &lt;labelfontsize value=&quot;8&quot;/&gt;</ca:line>
              <ca:line>   &lt;labelantialias value=&quot;true&quot;/&gt;</ca:line>
              <ca:line>   &lt;usetextbuttoncache value=&quot;false&quot;/&gt;</ca:line>
              <ca:line>   &lt;textbuttoncolor value=&quot;f0f0f0&quot;/&gt;</ca:line>
              <ca:line>   &lt;textbuttonborder_topleft_image value=&quot;borders/border_tl_1.png&quot;/&gt;</ca:line>
              <ca:line>   &lt;textbuttonborder_top_image value=&quot;borders/border_t_1.png&quot;/&gt;</ca:line>
              <ca:line>   &lt;textbuttonborder_topright_image value=&quot;borders/border_tr_1.png&quot;/&gt;</ca:line>
              <ca:line>   &lt;textbuttonborder_right_image value=&quot;borders/border_r_1.png&quot;/&gt;</ca:line>
              <ca:line>   &lt;textbuttonborder_left_image value=&quot;borders/border_l_1.png&quot;/&gt;</ca:line>
              <ca:line>   &lt;textbuttonborder_bottomright_image value=&quot;borders/border_br_1.png&quot;/&gt;</ca:line>
              <ca:line>   &lt;textbuttonborder_bottom_image value=&quot;borders/border_b_1.png&quot;/&gt;</ca:line>
              <ca:line>   &lt;textbuttonborder_bottomleft_image value=&quot;borders/border_bl_1.png&quot;/&gt;</ca:line>
              <ca:line>&lt;/cwc2&gt;</ca:line>              
            </ca:codeblock>
        </ca:code>
      </ca:example>
     <ca:example  title="Example #2: Advanced">
        <ca:description>The example below represents a more advanced button style. It uses the state attribute to group button attributes together. This packaging of attributes per state allows different stylings of buttons to represent the different states for the same interface button.</ca:description>
        <ca:code>
          <ca:codeblock bold="false">
            <ca:line>&lt;!-- NavButtons - Named Text button Shared Resource --&gt;</ca:line>
            <ca:line>&lt;!-- for Navigation Widgets. --&gt;</ca:line>
            <ca:line></ca:line>
            <ca:line>&lt;cwc2 type=&quot;SharedResource&quot; name=&quot;NavButtons&quot;&gt;</ca:line>
            <ca:line>   &lt;textbuttonbackgroundimage value=&quot;&quot;/&gt;</ca:line>
            <ca:line>   &lt;imagewidth value=&quot;120&quot;/&gt;</ca:line>
            <ca:line>   &lt;imageheight value=&quot;24&quot;/&gt;</ca:line>
            <ca:line>   &lt;textbuttonpadding value=&quot;0&quot;/&gt;</ca:line>
            <ca:line>   &lt;textbuttonnudge value=&quot;0&quot;/&gt;</ca:line>
            <ca:line>   &lt;labelcolor value=&quot;111111&quot;/&gt;</ca:line>
            <ca:line>   &lt;labelfont value=&quot;fonts/Vera.ttf&quot;/&gt;</ca:line>
            <ca:line>   &lt;labelalign value=&quot;left&quot;/&gt;</ca:line>
            <ca:line>   &lt;labelfontsize value=&quot;8&quot;/&gt;</ca:line>
            <ca:line>   &lt;labelantialias value=&quot;true&quot;/&gt;</ca:line>
            <ca:line>   &lt;usetextbuttoncache value=&quot;false&quot;/&gt;</ca:line>
            <ca:line>   &lt;state value=&quot;normal&quot;&gt;</ca:line>
            <ca:line>      &lt;textbuttoncolor value=&quot;f0f0f0&quot;/&gt;</ca:line>
            <ca:line>      &lt;textbuttonborder_topleft_image value=&quot;borders/border_tl_1.png&quot;/&gt;</ca:line>
            <ca:line>      &lt;textbuttonborder_top_image value=&quot;borders/border_t_1.png&quot;/&gt;</ca:line>
            <ca:line>      &lt;textbuttonborder_topright_image value=&quot;borders/border_tr_1.png&quot;/&gt;</ca:line>
            <ca:line>      &lt;textbuttonborder_right_image value=&quot;borders/border_r_1.png&quot;/&gt;</ca:line>
            <ca:line>      &lt;textbuttonborder_left_image value=&quot;borders/border_l_1.png&quot;/&gt;</ca:line>
            <ca:line>      &lt;textbuttonborder_bottomright_image value=&quot;borders/border_br_1.png&quot;/&gt;</ca:line>
            <ca:line>      &lt;textbuttonborder_bottom_image value=&quot;borders/border_b_1.png&quot;/&gt;</ca:line>
            <ca:line>      &lt;textbuttonborder_bottomleft_image value=&quot;borders/border_bl_1.png&quot;/&gt;</ca:line>
            <ca:line>   &lt;/state&gt;</ca:line>
            <ca:line>   &lt;state value=&quot;hover&quot;&gt;</ca:line>
            <ca:line>      &lt;textbuttoncolor value=&quot;cccccc&quot;/&gt;</ca:line>
            <ca:line>      &lt;textbuttonborder_topleft_image value=&quot;borders/border_tl_2.png&quot;/&gt;</ca:line>
            <ca:line>      &lt;textbuttonborder_top_image value=&quot;borders/border_t_2.png&quot;/&gt;</ca:line>
            <ca:line>      &lt;textbuttonborder_topright_image value=&quot;borders/border_tr_2.png&quot;/&gt;</ca:line>
            <ca:line>      &lt;textbuttonborder_right_image value=&quot;borders/border_r_2.png&quot;/&gt;</ca:line>
            <ca:line>      &lt;textbuttonborder_left_image value=&quot;borders/border_l_2.png&quot;/&gt;</ca:line>
            <ca:line>      &lt;textbuttonborder_bottomright_image value=&quot;borders/border_br_2.png&quot;/&gt;</ca:line>
            <ca:line>      &lt;textbuttonborder_bottom_image value=&quot;borders/border_b_2.png&quot;/&gt;</ca:line>
            <ca:line>      &lt;textbuttonborder_bottomleft_image value=&quot;borders/border_bl_2.png&quot;/&gt;</ca:line>
            <ca:line>   &lt;/state&gt;</ca:line>
            <ca:line>   &lt;state value=&quot;selected&quot;&gt;</ca:line>
            <ca:line>      &lt;textbuttoncolor value=&quot;cccccc&quot;/&gt;</ca:line>
            <ca:line>      &lt;textbuttonborder_topleft_image value=&quot;borders/border_tl_3.png&quot;/&gt;</ca:line>
            <ca:line>      &lt;textbuttonborder_top_image value=&quot;borders/border_t_3.png&quot;/&gt;</ca:line>
            <ca:line>      &lt;textbuttonborder_topright_image value=&quot;borders/border_tr_3.png&quot;/&gt;</ca:line>
            <ca:line>      &lt;textbuttonborder_right_image value=&quot;borders/border_r_3.png&quot;/&gt;</ca:line>
            <ca:line>      &lt;textbuttonborder_left_image value=&quot;borders/border_l_3.png&quot;/&gt;</ca:line>
            <ca:line>      &lt;textbuttonborder_bottomright_image value=&quot;borders/border_br_3.png&quot;/&gt;</ca:line>
            <ca:line>      &lt;textbuttonborder_bottom_image value=&quot;borders/border_b_3.png&quot;/&gt;</ca:line>
            <ca:line>      &lt;textbuttonborder_bottomleft_image value=&quot;borders/border_bl_3.png&quot;/&gt;</ca:line>
            <ca:line>   &lt;/state&gt;</ca:line>
            <ca:line>&lt;/cwc2&gt;</ca:line>
          </ca:codeblock>
        </ca:code>
      </ca:example>      
    </ca:sharedresourceexamples>
      <!-- Sample Applications -->
    <ca:sampleapps title="Sample Applications">
      <ca:intro>See this widget in action! Here are some applications that use this widget.</ca:intro>
      <ca:sampleapp>
        <ca:name>Hawaii Demo</ca:name>
        <ca:appurl>http://www.mapsherpa.com/hawaii2/</ca:appurl>
        <ca:description>The Hawaii Demo uses the latest 1.99 Chameleon version.</ca:description>
      </ca:sampleapp>     
    </ca:sampleapps>
      <!-- Application Programming Script Examples -->
    <ca:scriptexamples title="Script Examples">
      <ca:intro>Below are script examples to illustrate the different methods and widget features a programmer could interact with to enhance their specific application.</ca:intro>
      <ca:example title="">
        <ca:description></ca:description>
        <ca:code title="">
          <ca:description></ca:description>
          <ca:codeblock bold="false">
            <ca:line></ca:line>
          </ca:codeblock>
        </ca:code>
      </ca:example>
    </ca:scriptexamples>    
  </ca:examples>
  <!-- ********************** -->
  <!-- ATTRIBUTES LIST  -->
  <!-- ********************** -->
  <ca:widgettag title="Attributes">
    <ca:intro>This Attribute section outlines the declared attributes found specifically within this specific widget. This attributes declared include: Widget Attributes, Shared Resource Attributes, as well as Widget XML Sub Tags and Sub Tag attribute groupings.</ca:intro> 
    <ca:attribute>
      <ca:name>BACKGROUNDIMAGE</ca:name>
      <ca:type>
        <ca:value>path</ca:value>
      </ca:type>
      <ca:class>
        <ca:value>Widget &amp; Shared Resource</ca:value>
      </ca:class>
      <ca:default title="">
        <ca:value>NULL</ca:value>
        <ca:description/>
      </ca:default>
      <ca:description>An image to render as the background of the button. The background image is rendered on top of the background color.  If not provided, or empty, then no background image is used.  The background image can be used to create non-rectangular buttons or buttons with 3D effects.</ca:description>
    </ca:attribute>
    <ca:attribute>
      <ca:name>DEFAULT</ca:name>
      <ca:type>
        <ca:value>boolean</ca:value>
      </ca:type>
      <ca:class>
        <ca:value>Widget &amp; Shared Resource</ca:value>
      </ca:class>
      <ca:default title="">
        <ca:value>false</ca:value>
        <ca:description/>
      </ca:default>
      <ca:possvalues type="list">
        <ca:value>true</ca:value>
        <ca:value>false</ca:value>
      </ca:possvalues>
      <ca:description>If this button is part of a toolset, then this controls whether or not the button will be initially activated when the application first loads.  If no button in a toolset is marked as default, then none of the buttons are activated on first load.  If multiple buttons are marked as default, the result is undefined but one and only one of the buttons is activated. </ca:description>
    </ca:attribute>
    <ca:attribute>
      <ca:name>IMAGE</ca:name>
      <ca:type>
        <ca:value>path</ca:value>
      </ca:type>
      <ca:class>
        <ca:value>Widget &amp; Shared Resource</ca:value>
      </ca:class>
      <ca:default title="">
        <ca:value>NULL</ca:value>
        <ca:description/>
      </ca:default>
      <ca:description>If a styleresource is set, then this is the image to display in the button. The image is displayed at the left edge of the button, centered vertically.  If no styleresource is set, the this image will be used as the entire image for the button.</ca:description>
    </ca:attribute>
    <ca:attribute>
      <ca:name>IMAGEHEIGHT</ca:name>
      <ca:type>
        <ca:value>integer</ca:value>
      </ca:type>
      <ca:class>
        <ca:value>Widget &amp; Shared Resource</ca:value>
      </ca:class>
      <ca:default title="">
        <ca:value>-1</ca:value>
        <ca:description>NULL</ca:description>
      </ca:default>
      <ca:possvalues type="range">
        <ca:minimum>1</ca:minimum>
        <ca:maximum>2147483647</ca:maximum>
      </ca:possvalues>
      <ca:description>The height (in pixels) of this button.</ca:description>
    </ca:attribute>
    <ca:attribute>
      <ca:name>IMAGETIP</ca:name>
      <ca:type>
        <ca:value>string</ca:value>
      </ca:type>
      <ca:class>
        <ca:value>Widget &amp; Shared Resource</ca:value>
      </ca:class>
      <ca:default title="">
        <ca:value>NULL</ca:value>
        <ca:description/>
      </ca:default>
      <ca:description>The alternate or tooltip text to display for this image when the mouse is moved over the button.</ca:description>
    </ca:attribute>
    <ca:attribute>
      <ca:name>IMAGEWIDTH</ca:name>
      <ca:type>
        <ca:value>integer</ca:value>
      </ca:type>
      <ca:class>
        <ca:value>Widget &amp; Shared Resource</ca:value>
      </ca:class>
      <ca:default title="">
        <ca:value>-1</ca:value>
        <ca:description>NULL</ca:description>
      </ca:default>
      <ca:possvalues type="range">
        <ca:minimum>1</ca:minimum>
        <ca:maximum>2147483647</ca:maximum>
      </ca:possvalues>
      <ca:description>The width (in pixels) of this button.</ca:description>
    </ca:attribute>
    <ca:attribute>
      <ca:name>LABEL</ca:name>
      <ca:type>
        <ca:value>string</ca:value>
      </ca:type>
      <ca:class>
        <ca:value>Widget &amp; Shared Resource</ca:value>
      </ca:class>
      <ca:default title="">
        <ca:value>NULL</ca:value>
        <ca:description/>
      </ca:default>
      <ca:description>The text to be displayed in the button.  The label will be displayed to the right of the graphic.  Horizontal alignment of the label is controlled by the LABELALIGN attribute.  Vertical alignment is always centered, but is affected by the TEXTBUTTONNUDGE attribute.</ca:description>
    </ca:attribute>
    <ca:attribute>
      <ca:name>LABELALIGN</ca:name>
      <ca:type>
        <ca:value>string</ca:value>
      </ca:type>
      <ca:class>
        <ca:value>Widget &amp; Shared Resource</ca:value>
      </ca:class>
      <ca:default title="">
        <ca:value>left</ca:value>
        <ca:description/>
      </ca:default>
      <ca:possvalues type="list">
        <ca:value>left</ca:value>
        <ca:value>center</ca:value>
        <ca:value>right</ca:value>
      </ca:possvalues>
      <ca:description>The horizontal alignment of the label on the button.</ca:description>
    </ca:attribute>
    <ca:attribute>
      <ca:name>LABELANTIALIAS</ca:name>
      <ca:type>
        <ca:value>boolean</ca:value>
      </ca:type>
      <ca:class>
        <ca:value>Widget &amp; Shared Resource</ca:value>
      </ca:class>
      <ca:default title="">
        <ca:value>true</ca:value>
        <ca:description/>
      </ca:default>
      <ca:possvalues type="list">
        <ca:value>true</ca:value>
        <ca:value>false</ca:value>
      </ca:possvalues>
      <ca:description>Control the use of antialiasing when rendering the label. This is sometimes necessary to control the quality of font rendering.</ca:description>
    </ca:attribute>
    <ca:attribute>
      <ca:name>LABELCOLOR</ca:name>
      <ca:type>
        <ca:value>hexcolor</ca:value>
      </ca:type>
      <ca:class>
        <ca:value>Widget &amp; Shared Resource</ca:value>
      </ca:class>
      <ca:default title="">
        <ca:value>#000000</ca:value>
        <ca:description>black</ca:description>
      </ca:default>
      <ca:description>The color of the font used to draw the label found on the button.</ca:description>
    </ca:attribute>
    <ca:attribute>
      <ca:name>LABELFONT</ca:name>
      <ca:type>
        <ca:value>string</ca:value>
      </ca:type>
      <ca:class>
        <ca:value>Widget &amp; Shared Resource</ca:value>
      </ca:class>
      <ca:default title="">
        <ca:value>NULL</ca:value>
        <ca:description/>
      </ca:default>
      <ca:description>The path to the TrueType font file to use when rendering the label. The path is specified relative to the cwc2 directory. To be valid, the font file must exist on the server.</ca:description>
    </ca:attribute>
    <ca:attribute>
      <ca:name>LABELFONTSIZE</ca:name>
      <ca:type>
        <ca:value>integer</ca:value>
      </ca:type>
      <ca:class>
        <ca:value>Widget &amp; Shared Resource</ca:value>
      </ca:class>
      <ca:default title="">
        <ca:value>0</ca:value>
        <ca:description/>
      </ca:default>
      <ca:possvalues type="list">
        <ca:minimum>0</ca:minimum>
        <ca:maximum>+INF</ca:maximum>
      </ca:possvalues>
      <ca:description>The size (in points) of the font to use when drawing the label.</ca:description>
    </ca:attribute>
    <ca:attribute>
      <ca:name>ONCLICK</ca:name>
      <ca:type>
        <ca:value>string</ca:value>
      </ca:type>
      <ca:class>
        <ca:value>Widget &amp; Shared Resource</ca:value>
      </ca:class>
      <ca:default title="">
        <ca:value>NULL</ca:value>
        <ca:description/>
      </ca:default>
      <ca:description>A custom JavaScript function to call when the widget button is clicked.</ca:description>
    </ca:attribute>
    <ca:attribute>
      <ca:name>STYLERESOURCE</ca:name>
      <ca:type>
        <ca:value>string</ca:value>
      </ca:type>
      <ca:class>
        <ca:value>Widget Only</ca:value>
      </ca:class>
      <ca:default title="">
        <ca:value>NULL</ca:value>
        <ca:description/>
      </ca:default>
      <ca:description>Indicate the button style Shared Resource to be used for dynamically generating the widget buttons. A Shared Resource cannot call another Shared Resource by using the STYLERESOURCE button attribute. This attribute cannot be used to include a group of attributes from another style resource.</ca:description>
    </ca:attribute>
    <ca:attribute>
      <ca:name>TEXTBUTTONBORDER_BOTTOM_IMAGE</ca:name>
      <ca:type>
        <ca:value>path</ca:value>
      </ca:type>
      <ca:class>
        <ca:value>Widget &amp; Shared Resource</ca:value>
      </ca:class>
      <ca:default title="">
        <ca:value>NULL</ca:value>
        <ca:description/>
      </ca:default>
      <ca:description>The image to use as the bottom edge of the button.</ca:description>
    </ca:attribute>
    <ca:attribute>
      <ca:name>TEXTBUTTONBORDER_BOTTOMLEFT_IMAGE</ca:name>
      <ca:type>
        <ca:value>path</ca:value>
      </ca:type>
      <ca:class>
        <ca:value>Widget &amp; Shared Resource</ca:value>
      </ca:class>
      <ca:default title="">
        <ca:value>NULL</ca:value>
        <ca:description/>
      </ca:default>
      <ca:description>The image to use as the bottom left corner of the button.</ca:description>
    </ca:attribute>
    <ca:attribute>
      <ca:name>TEXTBUTTONBORDER_BOTTOMRIGHT_IMAGE</ca:name>
      <ca:type>
        <ca:value>path</ca:value>
      </ca:type>
      <ca:class>
        <ca:value>Widget &amp; Shared Resource</ca:value>
      </ca:class>
      <ca:default title="">
        <ca:value>NULL</ca:value>
        <ca:description/>
      </ca:default>
      <ca:description>The image to use as the bottom right corner of the button.</ca:description>
    </ca:attribute>
    <ca:attribute>
      <ca:name>TEXTBUTTONBORDER_LEFT_IMAGE</ca:name>
      <ca:type>
        <ca:value>path</ca:value>
      </ca:type>
      <ca:class>
        <ca:value>Widget &amp; Shared Resource</ca:value>
      </ca:class>
      <ca:default title="">
        <ca:value>NULL</ca:value>
        <ca:description/>
      </ca:default>
      <ca:description>The image to use as the left edge of the button.</ca:description>
    </ca:attribute>
    <ca:attribute>
      <ca:name>TEXTBUTTONBORDER_RIGHT_IMAGE</ca:name>
      <ca:type>
        <ca:value>path</ca:value>
      </ca:type>
      <ca:class>
        <ca:value>Widget &amp; Shared Resource</ca:value>
      </ca:class>
      <ca:default title="">
        <ca:value>NULL</ca:value>
        <ca:description/>
      </ca:default>
      <ca:description>The image to use as the right edge of the button.</ca:description>
    </ca:attribute>
    <ca:attribute>
      <ca:name>TEXTBUTTONBORDER_TOP_IMAGE</ca:name>
      <ca:type>
        <ca:value>path</ca:value>
      </ca:type>
      <ca:class>
        <ca:value>Widget &amp; Shared Resource</ca:value>
      </ca:class>
      <ca:default title="">
        <ca:value>NULL</ca:value>
        <ca:description/>
      </ca:default>
      <ca:description>The image to use as the top edge of the button.</ca:description>
    </ca:attribute>
    <ca:attribute>
      <ca:name>TEXTBUTTONBORDER_TOPLEFT_IMAGE</ca:name>
      <ca:type>
        <ca:value>path</ca:value>
      </ca:type>
      <ca:class>
        <ca:value>Widget &amp; Shared Resource</ca:value>
      </ca:class>
      <ca:default title="">
        <ca:value>NULL</ca:value>
        <ca:description/>
      </ca:default>
      <ca:description>The image to use as the top left corner of the button.</ca:description>
    </ca:attribute>
    <ca:attribute>
      <ca:name>TEXTBUTTONBORDER_TOPRIGHT_IMAGE</ca:name>
      <ca:type>
        <ca:value>path</ca:value>
      </ca:type>
      <ca:class>
        <ca:value>Widget &amp; Shared Resource</ca:value>
      </ca:class>
      <ca:default title="">
        <ca:value>NULL</ca:value>
        <ca:description/>
      </ca:default>
      <ca:description>The image to use as the top right corner of the button.</ca:description>
    </ca:attribute>
    <ca:attribute>
      <ca:name>TEXTBUTTONCOLOR</ca:name>
      <ca:type>
        <ca:value>hexcolor</ca:value>
      </ca:type>
      <ca:class>
        <ca:value>Widget &amp; Shared Resource</ca:value>
      </ca:class>
      <ca:default title="">
        <ca:value>-1 -1 -1</ca:value>
        <ca:description>transparent</ca:description>
      </ca:default>
      <ca:description>The color to fill the background of the button with.</ca:description>
    </ca:attribute>
    <ca:attribute>
      <ca:name>TEXTBUTTONPADDING</ca:name>
      <ca:type>
        <ca:value>integer</ca:value>
      </ca:type>
      <ca:class>
        <ca:value>Widget &amp; Shared Resource</ca:value>
      </ca:class>
      <ca:default title="">
        <ca:value>0</ca:value>
        <ca:description/>
      </ca:default>
      <ca:possvalues type="list">
        <ca:minimum>0</ca:minimum>
        <ca:maximum>+INF</ca:maximum>
      </ca:possvalues>
      <ca:description>The amount of space (in pixels) to leave between the right edge of the graphic image and the label.</ca:description>
    </ca:attribute>
    <ca:attribute>
      <ca:name>TEXTBUTTONNUDGE</ca:name>
      <ca:type>
        <ca:value>integer</ca:value>
      </ca:type>
      <ca:class>
        <ca:value>Widget &amp; Shared Resource</ca:value>
      </ca:class>
      <ca:default title="">
        <ca:value>0</ca:value>
        <ca:description/>
      </ca:default>
      <ca:possvalues type="list">
        <ca:minimum>0</ca:minimum>
        <ca:maximum>+INF</ca:maximum>
      </ca:possvalues>
      <ca:description>The amount of adjustment (in pixels) to apply to the label's vertical placement. The label is centered vertically in the available space but may sometimes appear misaligned because of rounding errors or descenders (e.g., q,y,p,g,j).</ca:description>
    </ca:attribute>
    <ca:attribute>
      <ca:name>TOOLSET</ca:name>
      <ca:type>
        <ca:value>string</ca:value>
      </ca:type>
      <ca:class>
        <ca:value>Widget &amp; Shared Resource</ca:value>
      </ca:class>
      <ca:default title="">
        <ca:value>NULL</ca:value>
        <ca:description/>
      </ca:default>
      <ca:description> A name indicating a logical group of tools, of which only one can be selected at any one time.</ca:description>
    </ca:attribute>
    <ca:attribute>
      <ca:name>USETEXTBUTTONCACHE</ca:name>
      <ca:type>
        <ca:value>boolean</ca:value>
      </ca:type>
      <ca:class>
        <ca:value>Widget &amp; Shared Resource</ca:value>
      </ca:class>
      <ca:default title="">
        <ca:value>true</ca:value>
        <ca:description/>
      </ca:default>
      <ca:possvalues type="list">
        <ca:value>true</ca:value>
        <ca:value>false</ca:value>
      </ca:possvalues>
      <ca:description>Controls the use of caching when rendering dynamically generated buttons. Dynamically generated buttons can take a relatively long time to render, so it is desirable to cache the generated buttons for improved application performance. However, when developing a new template or modifying existing buttons, it is useful to turn off caching temporarily.  In general, any change to any attribute of a button will cause a new image to be created, regardless of caching.</ca:description>
    </ca:attribute>
    
    <!-- Sub Tag Defined and Sub Tag Attribute Grouping Listed -->
    <ca:subtag>
        <ca:name>&lt;IMAGE /&gt;</ca:name>
      <ca:type>
        <ca:value>XML</ca:value>
      </ca:type>
      <ca:class>
        <ca:value>Widget Only</ca:value>
      </ca:class>
      <ca:description>A subtag placeholder for attributes to define different image definitions for different states of the same button. The attributes below exist within this subtag and are only valid with the Button attribute group. The IMAGE subtag is often repeated within a widget to outline the different configured button states of the widget.  If no image subtags are provided, the resulting button has just one normal state.  Any attribute that can be defined within the styleresource can also be defined in the IMAGE subtag.  The IMAGE subtag attribute values have the highest precedence and will be used over all other values of the same attribute.</ca:description>
      <ca:attribute>
        <ca:name>IMAGE</ca:name>
        <ca:type>
          <ca:value>path</ca:value>
        </ca:type>
        <ca:class>
          <ca:value>Widget &amp; Shared Resource</ca:value>
        </ca:class>
        <ca:default>
          <ca:value>NULL</ca:value>
        </ca:default>
        <ca:description>The image to display in the button for a specific state. The image is displayed at the left edge of the button, centered vertically.</ca:description>
      </ca:attribute>
      <ca:attribute>
        <ca:name>STATE</ca:name>
        <ca:type>
          <ca:value>string</ca:value>
        </ca:type>
        <ca:class>
          <ca:value>Widget &amp; Shared Resource</ca:value>
        </ca:class>
        <ca:default>
          <ca:value>normal</ca:value>
        </ca:default>
        <ca:possvalues type="list">
          <ca:value>normal</ca:value>
          <ca:value>selected</ca:value>
          <ca:value>hover</ca:value>
          <ca:value>disabled</ca:value>
        </ca:possvalues>
        <ca:description>Define what group of Button attributes are used for the button, depending on the state of activity for the button.</ca:description>
      </ca:attribute>
    </ca:subtag>
  </ca:widgettag>
  <!-- ********************* -->
  <!-- WIDGET ERRORS -->
  <!-- ********************* -->  
  <ca:errors title ="Widget Errors">
    <ca:intro>Errors that are potentially created from the us of the specific widget can be documented here. The Idea of this section is to document the possible different errors specific to this widget and also provide possible reason for the error.</ca:intro>
    <ca:error title="">
      <ca:type title="Type">
        <ca:value>PHP Mapscript</ca:value>
      </ca:type>
      <ca:severity title="Severity">
        <ca:value>none</ca:value>
        <ca:description></ca:description>
      </ca:severity>
      <ca:message title="Error Message">
    <ca:intro></ca:intro>
        <ca:paras title="">
      <ca:para>Error message string....</ca:para>
        </ca:paras>
      </ca:message>
      <ca:meaning  title="Interpretation">
    <ca:intro></ca:intro>
        <ca:paras title="">
      <ca:para>The description of what the message means......</ca:para>
        </ca:paras>      
      </ca:meaning>
      <ca:solution title="Troubleshooting Tips">
    <ca:intro>Any possible Solution that will help application developers troubleshoot and or fix problem.</ca:intro>
    <ca:paras title="">
      <ca:para>Any possible Solution that will help application developers troubleshoot and or fix problem.</ca:para>
    </ca:paras>             
      </ca:solution>
    </ca:error>
  </ca:errors>
  <!-- ************************** -->
  <!-- END OF WIDGET XML DOCUMENT -->
  <!-- ************************** -->
</ca:attributegroupdoc>
