<?xml version="1.0" ?>
<ca:attributegroupdoc xmlns:ca="http://localhost/chameleon/utils/xml/schemas" xmlns:xsi="http://www.w3.org/2001/XMLSchema-instance" xsi:schemaLocation="http://localhost/chameleon/utils/xml/schemas ..\..\..\utils\xml\schemas\chameleon.xsd">
  <ca:docinfo title="Document Information">
    <ca:intro>The documentation information provided in this section. Gives specific information on the activities and state of the current widget document.</ca:intro> 
    <ca:language title="Document Language Code">
      <ca:value>en-CA</ca:value>  
      <ca:description>This document is written in Canadian English</ca:description>
    </ca:language>
    <ca:docbuilddate title="Doc_Builder Date">
      <ca:value>1999-12-31</ca:value>  
      <ca:description>The date of the document was last processed through doc builder.</ca:description>
    </ca:docbuilddate>
    <ca:docversion title="Document Repository Version">
      <ca:value>$id:$</ca:value>  
      <ca:description>CVS repository version description</ca:description>
    </ca:docversion>
    <ca:authors title="Authors">
       <ca:intro>The following active authors for this widget document are:</ca:intro>
      <ca:person>
        <ca:name>Doc_Builder</ca:name>
        <ca:company>DM Solutions Group Inc.</ca:company>
        <ca:contact>chameleon@lists.maptools.org</ca:contact>
        <ca:comment></ca:comment> 
      </ca:person>
    </ca:authors>
    <ca:editors title="Editors">
      <ca:intro>The following active editors for this widget document are:</ca:intro>
      <ca:person>
        <ca:name>Christopher R. Thorne</ca:name>
        <ca:company>DM Solutions Group Inc.</ca:company>
        <ca:contact>chameleon@lists.maptools.org</ca:contact>
        <ca:comment></ca:comment> 
      </ca:person>
    </ca:editors>
  </ca:docinfo>
  <!-- ********************* -->
  <!-- WIDGET IDENTIFICATION -->
  <!-- ********************* -->
  <ca:identification title="Identification">
    <ca:intro>The main developers of this widget should present them selves bellow:</ca:intro>  
    
    <ca:name title="Attribute Group Name">
      <ca:value>Label</ca:value>
      <ca:description>The name of this widget based on last current widget name is:</ca:description>
    </ca:name>
    
    <ca:chameleonpack title="Widget Package">
      <ca:value>Base</ca:value>
      <ca:description>The widget installation package the widget is in.</ca:description>  
    </ca:chameleonpack>
    
    <ca:parentgroup  title="Parent Group">
      <ca:value>Label Widgets</ca:value>
      <ca:description></ca:description>
    </ca:parentgroup>
    
    <ca:version title="Version">
      <ca:value>2.0</ca:value>
      <ca:description>Chameleon Technical Release</ca:description>
    </ca:version>
    
    <ca:releasedate  title="Release Date">
      <ca:value>2005-01-10</ca:value>
      <ca:description>Chameleon Technical Release</ca:description>
    </ca:releasedate>
    
    <ca:maturitylevel title="Maturity Level">
      <ca:value>TECHRELEASE</ca:value>
      <ca:description></ca:description>   
    </ca:maturitylevel>
    
    <ca:developers title="Developers">
      <ca:person>
        <ca:name>Paul Spencer</ca:name>
        <ca:company>DM Solutions Group Inc.</ca:company>
        <ca:contact>chameleon-user@maptools.org</ca:contact>
        <ca:comment></ca:comment>
      </ca:person>
    </ca:developers>
    
  </ca:identification>  

    <!-- ************************** -->
  <!-- WIDGET GENERAL DESCRIPTION -->
  <!-- ************************** -->  
  <ca:descriptions title="Description">
      <ca:intro>This section holds all content description for a specific widget.</ca:intro>
    <!-- ************************************* -->
    <!-- WIDGET DESCRIPTION                    -->
    <!-- ************************************* -->          
    <ca:description title="General Description">
        <ca:intro>The general description of the importance of the current widget.</ca:intro>
        <ca:paras title="">
          <ca:para>Label attributes are common to all widgets that allow a label to be displayed.</ca:para>
        </ca:paras>
    </ca:description>
    <!-- **************************************************** -->
    <!-- TECHINCAL REQUIREMENT  DESCRIPTIONS -->
    <!-- **************************************************** -->         
    <ca:techrequirements title="Technical Requirements">
      <ca:intro>Some widget require specific software installed or configuration that limits it ability to function within a normal chameleon installation.  </ca:intro>
      <ca:paras title="">
        <ca:para></ca:para>
      </ca:paras>
    </ca:techrequirements>    
    <!-- ************************************* -->
    <!-- WIDGET DEPENDANCY             -->
    <!-- ************************************* -->    
    <ca:dependancies title="Dependancies">
      <ca:intro>In order for the widget to function, the following Chameleon features may be required.</ca:intro>   
      <ca:dependancy title="Widgets Use Attribute Groups" type="Widget">
        <ca:para>Only widgets that use this attribute group can use any of the attribute group's features. This also includes the Shared Resources defined for this attribute group. This use can only be defined within a widget's code.</ca:para>
      </ca:dependancy>
    </ca:dependancies>
    <!-- ************************************* -->
    <!-- SHARED RESOURCES             -->
    <!-- ************************************* -->
    <ca:sharedresources title="Shared Resources">
      <ca:intro>The type of attributes used by this widget determines what kind of Shared Resources the widget can use.</ca:intro>
      <ca:paras title="None Available">
        <ca:para>When a widget uses an attribute group as part of its own attribute set, it also gains access to the attribute group's Shared Resources. In the case of the Label Attribute Group, there are no global Shared Resources defined.</ca:para>
      </ca:paras>
    </ca:sharedresources>
    <!-- ************************************ -->
    <!-- WIDGET GENERAL USER INFO -->
    <!-- ************************************ --> 
    <ca:embeddedhelp title="General User Interface Help">
      <ca:intro>This section holds the string that is displayed within a chameleon application when the EmbeddedHelp widget is used.</ca:intro>
      <ca:paras title="">
        <ca:para></ca:para>
      </ca:paras>
    </ca:embeddedhelp>      
    <!-- ************************************************************* -->
    <!-- WIDGET DETAILED FUNCTIONALITY DESCRIPTIONS -->
    <!-- ************************************************************** --> 
    <ca:guinotes title="Interface Functionality">
      <ca:intro>In many cases when a Chameleon Widgets is declared within an HTML Chameleon Application Template the widget is accessible visiblely to the user. It is important to outline how a user can us the interface of this widgets. </ca:intro>
      <ca:guinote type="None" title="">
        <ca:para></ca:para>
      </ca:guinote>
    </ca:guinotes>

    <!-- ********************* -->
    <!-- WIDGET QA INFO -->
    <!-- ********************* -->          
    <ca:qanotes title="Quality Assurance">
      <ca:intro>Any important QA information should be outlined here for the specific widget being described in this document. </ca:intro>
      <ca:paras title="">
        <ca:para></ca:para>
      </ca:paras>
    </ca:qanotes>
  </ca:descriptions>
  <ca:tagstructures>
    <ca:tagstructure title="Widget Syntax">
      <ca:description>The "LabelWidget" TYPE below is used only as an example name; no such widget exists.The widget syntax below defines a widget that uses this attribute group.</ca:description>
      <ca:code>
        <ca:codeblock bold="true">
          <ca:line>&lt;CWC2 TYPE="LabelWidget"</ca:line>
        </ca:codeblock>
        <ca:codeblock bold="false">
          <ca:line>   ENABLED="[TRUE|FALSE]"</ca:line>
          <ca:line>   FORMINDEX="[0 &lt; integer]"</ca:line>
          <ca:line>   VISIBLE="[TRUE|FALSE]"</ca:line>
          <ca:line/>
          <ca:line>   &lt;!-- Label Attribute Group--&gt;</ca:line>
          <ca:line/>
          <ca:line>   LABEL="[string]"</ca:line>
          <ca:line>   LABELCLASS="[string]"</ca:line>
          <ca:line>   LABELHALIGN="[LEFT|CENTER|RIGHT]"</ca:line>
          <ca:line>   LABELPOSITION="[0 &lt; integer &lt; 8]"</ca:line>
          <ca:line>   LABELSTYLE="[path]"</ca:line>
          <ca:line>   LABELVALIGN="[TOP|MIDDLE|BOTTOM]"/&gt;</ca:line>
        </ca:codeblock>
      </ca:code>
    </ca:tagstructure>
    </ca:tagstructures> 
  <ca:examples>
    <ca:widgetexamples>
      <ca:example title="Example #1: Advanced">
        <ca:description>The CursorPos Widget is an example of using the Label Attribute Group. The AXIS "CursorPos" attribute is a required attribute for this widget and is also defined by the Widget. The coordinate position "X" will be labeled left of the output with "Longitude: ". This Label widget has also been given a CSS style to make it look nicer than the default style.</ca:description>
        <ca:code>
          <ca:codeblock bold="false">
            <ca:line>&lt;cwc2 type="CursorPos"</ca:line>
            <ca:line>   axis="X"</ca:line>
            <ca:line/>
            <ca:line>   &lt;!-- Label Attributes --&gt; </ca:line>
            <ca:line/>
            <ca:line>   label="Longitude: "</ca:line>
            <ca:line>   labelposition="8"</ca:line>
            <ca:line>   labelvalign="middle"</ca:line>
            <ca:line>   labelclass="label"</ca:line>
            <ca:line>   widgetclass="inputBox"/&gt;</ca:line>
          </ca:codeblock>
        </ca:code>
      </ca:example>
    </ca:widgetexamples>
  </ca:examples>
  <ca:widgettag>
    <ca:attribute>
      <ca:name>LABEL</ca:name>
      <ca:type>
        <ca:value>string</ca:value>
      </ca:type>
      <ca:class>
        <ca:value>Widget Only</ca:value>
      </ca:class>
      <ca:default title="">
        <ca:value>NULL</ca:value>
        <ca:description/>
      </ca:default>
      <ca:description>The text to display as the label.</ca:description>
    </ca:attribute>
    <ca:attribute>
      <ca:name>LABELCLASS</ca:name>
      <ca:type>
        <ca:value>string</ca:value>
      </ca:type>
      <ca:class>
        <ca:value>Widget Only</ca:value>
      </ca:class>
      <ca:default title="">
        <ca:value>NULL</ca:value>
        <ca:description/>
      </ca:default>
      <ca:description>The CSS class to control the rendering of this label.</ca:description>
    </ca:attribute>
    <ca:attribute>
      <ca:name>LABELHALIGN</ca:name>
      <ca:type>
        <ca:value>string</ca:value>
      </ca:type>
      <ca:class>
        <ca:value>Widget Only</ca:value>
      </ca:class>
      <ca:default title="">
        <ca:value>left</ca:value>
        <ca:description/>
      </ca:default>
      <ca:description>The horizontal alignment of the label.</ca:description>
    </ca:attribute>
    <ca:attribute>
      <ca:name>LABELPOSITION</ca:name>
      <ca:type>
        <ca:value>integer</ca:value>
      </ca:type>
      <ca:class>
        <ca:value>Widget Only</ca:value>
      </ca:class>
      <ca:default title="">
        <ca:value>8</ca:value>
        <ca:description>middle-left</ca:description>
      </ca:default>
      <ca:description>The position of the label around another widget. Position 0 is upper-left. Positions increase clockwise to position 8, which is to the left of the widget.</ca:description>
    </ca:attribute>
    <ca:attribute>
      <ca:name>LABELSTYLE</ca:name>
      <ca:type>
        <ca:value>string</ca:value>
      </ca:type>
      <ca:class>
        <ca:value>Widget Only</ca:value>
      </ca:class>
      <ca:default title="">
        <ca:value>NULL</ca:value>
        <ca:description/>
      </ca:default>
      <ca:description>The CSS style to apply to this label.</ca:description>
    </ca:attribute>
    <ca:attribute>
      <ca:name>LABELVALIGN</ca:name>
      <ca:type>
        <ca:value>string</ca:value>
      </ca:type>
      <ca:class>
        <ca:value>Widget Only</ca:value>
      </ca:class>
      <ca:default title="">
        <ca:value>middle</ca:value>
        <ca:description/>
      </ca:default>
      <ca:description>The vertical alignment of this label.</ca:description>
    </ca:attribute>
  </ca:widgettag>
 <!-- ********************* -->
  <!-- WIDGET ERRORS -->
  <!-- ********************* -->  
  <ca:errors title ="Widget Errors">
    <ca:intro>Errors that are potentially created from the use of the specific widget can be documented here. The Idea of this section is to document the possible different errors specific to this widget and also provide possible reason for the error.</ca:intro>
    <ca:error title="">
      <ca:type title="Type">
        <ca:value>PHP Mapscript</ca:value>
      </ca:type>
      <ca:severity title="Severity">
        <ca:value>none</ca:value>
        <ca:description></ca:description>
      </ca:severity>
      <ca:message title="Error Message">
    <ca:intro></ca:intro>
        <ca:paras title="">
      <ca:para>Error message string....</ca:para>
        </ca:paras>
      </ca:message>
      <ca:meaning  title="Interpretation">
    <ca:intro></ca:intro>
        <ca:paras title="">
      <ca:para>The description of what the message means......</ca:para>
        </ca:paras>      
      </ca:meaning>
      <ca:solution title="Troubleshooting Tips">
    <ca:intro>Any possible Solution that will help application developers troubleshoot and or fix problem.</ca:intro>
    <ca:paras title="">
      <ca:para>Any possible Solution that will help application developers troubleshoot and or fix problem.</ca:para>
    </ca:paras>             
      </ca:solution>
    </ca:error>
  </ca:errors>
</ca:attributegroupdoc>
