<?xml version="1.0"?>
<ca:attributegroupdoc xmlns:ca="http://localhost/chameleon/utils/xml/schemas" xmlns:xsi="http://www.w3.org/2001/XMLSchema-instance" xsi:schemaLocation="http://localhost/chameleon/utils/xml/schemas ..\..\..\utils\xml\schemas\chameleon.xsd">
  <!-- ************************** -->
  <!-- WIDGET GENERAL DESCRIPTION -->
  <!-- ************************** -->
<ca:docinfo title="Document Information">
    <ca:intro>The documentation information provided in this section. Gives specific information on the activities and state of the current widget document.</ca:intro> 
    <ca:language title="Document Language Code">
      <ca:value>en-CA</ca:value>  
      <ca:description>This document is written in Canadian English</ca:description>
    </ca:language>
    <ca:docbuilddate title="Doc_Builder Date">
      <ca:value>1999-12-31</ca:value>  
      <ca:description>The date of the document was last processed through doc builder.</ca:description>
    </ca:docbuilddate>
    <ca:docversion title="Document Repository Version">
      <ca:value>$id:$</ca:value>  
      <ca:description>CVS repository version description</ca:description>
    </ca:docversion>
    <ca:authors title="Authors">
       <ca:intro>The following active authors for this widget document are:</ca:intro>
      <ca:person>
        <ca:name>Doc_Builder</ca:name>
        <ca:company>DM Solutions Group Inc.</ca:company>
        <ca:contact>chameleon@lists.maptools.org</ca:contact>
        <ca:comment></ca:comment> 
      </ca:person>
    </ca:authors>
    <ca:editors title="Editors">
      <ca:intro>The following active editors for this widget document are:</ca:intro>
      <ca:person>
        <ca:name>Christopher R. Thorne</ca:name>
        <ca:company>DM Solutions Group Inc.</ca:company>
        <ca:contact>chameleon@lists.maptools.org</ca:contact>
        <ca:comment></ca:comment> 
      </ca:person>
      <ca:person>
        <ca:name>Paul Spencer</ca:name>
        <ca:company>DM Solutions Group Inc.</ca:company>
        <ca:contact>chameleon@lists.maptools.org</ca:contact>
        <ca:comment></ca:comment> 
      </ca:person>
    </ca:editors>
  </ca:docinfo>
  <!-- ********************* -->
  <!-- WIDGET IDENTIFICATION -->
  <!-- ********************* -->
  <ca:identification title="Identification">
    <ca:intro>The main developers of this widget should present them selves bellow:</ca:intro>  
    
    <ca:name title="Attribute Group Name">
      <ca:value>NavTool</ca:value>
      <ca:description>The name of this widget based on last current widget name is:</ca:description>
    </ca:name>
    
    <ca:chameleonpack title="Widget Package">
      <ca:value>TBD</ca:value>
      <ca:description>The widget installation package the widget is in.</ca:description>  
    </ca:chameleonpack>
    
    <ca:parentgroup  title="Parent Group">
      <ca:value>Navigation Tool Widgets</ca:value>
      <ca:description></ca:description>
    </ca:parentgroup>
    
    <ca:version title="Version">
      <ca:value>2.0</ca:value>
      <ca:description>Chameleon Technical Release</ca:description>
    </ca:version>
    
    <ca:releasedate  title="Release Date">
      <ca:value>2005-01-10</ca:value>
      <ca:description>Chameleon Technical Release</ca:description>
    </ca:releasedate>
    
    <ca:maturitylevel title="Maturity Level">
      <ca:value>TECHRELEASE</ca:value>
      <ca:description></ca:description>   
    </ca:maturitylevel>
    
    <ca:developers title="Developers">
      <ca:person>
        <ca:name>Paul Spencer</ca:name>
        <ca:company>DM Solutions Group Inc.</ca:company>
        <ca:contact>chameleon-user@maptools.org</ca:contact>
        <ca:comment></ca:comment>
      </ca:person>
    </ca:developers>
    
  </ca:identification>    
 
  <!-- ************************** -->
  <!-- WIDGET GENERAL DESCRIPTION -->
  <!-- ************************** -->  
  <ca:descriptions title="Description">
      <ca:intro>This section holds all content description for a specific widget.</ca:intro>
    <!-- ************************************* -->
    <!-- WIDGET DESCRIPTION                    -->
    <!-- ************************************* -->          
    <ca:description title="General Description">
        <ca:intro>The general description of the importance of the current widget.</ca:intro>
        <ca:paras title="">
          <ca:para>Parameters to define and manage attributes common to navigation tool widgets.</ca:para>
        </ca:paras>
    </ca:description>
    <!-- **************************************************** -->
    <!-- TECHINCAL REQUIREMENT  DESCRIPTIONS -->
    <!-- **************************************************** -->         
    <ca:techrequirements title="Technical Requirements">
      <ca:intro>Some widgets require specific software installed or configuration that limits it ability to function with a normal chameleon installation.  </ca:intro>
      <ca:paras title="">
        <ca:para></ca:para>
      </ca:paras>
    </ca:techrequirements>    
    <!-- ************************************* -->
    <!-- WIDGET DEPENDANCY             -->
    <!-- ************************************* -->    
    <ca:dependancies title="Dependencies">
      <ca:intro>In order for the widget to function, the following Chameleon features may be required.</ca:intro>   
      <ca:dependancy title="Widgets Use Attribute Groups" type="Widget">
        <ca:para>Only widgets that use this attribute group can use any of the attribute group's features. This also includes the Shared Resources defined for this attribute group. This use can only be defined within a widget's code.</ca:para>
      </ca:dependancy>
    </ca:dependancies>
    <!-- ************************************* -->
    <!-- SHARED RESOURCES             -->
    <!-- ************************************* -->
    <ca:sharedresources title="Shared Resources">
      <ca:intro>The type of attributes used by this widget determines what kind of Shared Resources the widget can use.</ca:intro>
      <ca:paras title="None Available">
        <ca:para>When a widget uses an attribute group as part of its own attribute set, it also gains access to the attribute group's Shared Resources. In the case of the NavTool Attribute Group, there are no Shared Resources directly defined in this attribute group. However, every widget that is part of this group is also part of the Button attribute group, which means these widgets have access to the Style Shared Resource.</ca:para>
      </ca:paras>
    </ca:sharedresources>
    <!-- ************************************ -->
    <!-- WIDGET GENERAL USER INFO -->
    <!-- ************************************ --> 
    <ca:embeddedhelp title="General User Interface Help">
      <ca:intro>This section holds the string that is displayed within a chameleon application when the EmbeddedHelp widget is used.</ca:intro>
      <ca:paras title="">
        <ca:para></ca:para>
      </ca:paras>
    </ca:embeddedhelp>      
    <!-- ************************************************************* -->
    <!-- WIDGET DETAILED FUNCTIONALITY DESCRIPTIONS -->
    <!-- ************************************************************** --> 
    <ca:guinotes title="Interface Functionality">
      <ca:intro>In many cases when a Chameleon Widgets is declared within an HTML Chameleon Application Template the widget is accessible visiblely to the user. It is important to outline how a user can us the interface of this widgets. </ca:intro>
      <ca:guinote type="None" title="">
        <ca:para></ca:para>
      </ca:guinote>
    </ca:guinotes>

    <!-- ********************* -->
    <!-- WIDGET QA INFO -->
    <!-- ********************* -->          
    <ca:qanotes title="Quality Assurance">
      <ca:intro>Any important QA information should be outlined here for the specific widget being described in this document. </ca:intro>
      <ca:paras title="None.">
        <ca:para></ca:para>
      </ca:paras>
    </ca:qanotes>
  </ca:descriptions> 
   
  <!-- Widget Structure -->
  <ca:tagstructures>
    <ca:tagstructure title="Widget Syntax">
      <ca:description>The "NavToolWidget" TYPE below is used only as an example name; no such widget exists.The widget syntax below defines a widget that uses this attribute group.</ca:description>
      <ca:code>
        <ca:codeblock bold="true">
          <ca:line>&lt;CWC2 TYPE="NavToolWidget"</ca:line>
        </ca:codeblock>
        <ca:codeblock bold="false">
          <ca:line>   ENABLED="[TRUE|FALSE]"</ca:line>
          <ca:line>   FORMINDEX="[0 &lt; integer]"</ca:line>
          <ca:line>   VISIBLE="[TRUE|FALSE]"</ca:line>
          <ca:line/>
          <ca:line>   &lt;!-- Navigation Attributes --&gt;</ca:line>
          <ca:line/>
          <ca:line>   CURSORTYPE="[string]"</ca:line>
          <ca:line>   DEFAULT="[TRUE|FALSE]"</ca:line>
          <ca:line>   MAPID="[string]"</ca:line>
          <ca:line>   WIDGETSTYLE="[string]" /&gt;</ca:line>
        </ca:codeblock>
      </ca:code>
    </ca:tagstructure>
  </ca:tagstructures>
 <!-- EXAMPLES SECTION -->
  <ca:examples title="Examples">
     <ca:intro>This is the section for all code examples. From Widget, Shared Resource to Advance Scripting examples.</ca:intro>
     <!-- Widget Examples -->
     <ca:widgetexamples title="Widget Examples">
      <ca:intro>Below are examples of Chameleon widget tags that could be placed into an HTML template with little to no attribute value changes. All Widget Tags should be placed between the HTML &lt;form&gt; &lt;/form&gt; tag with the Template. </ca:intro>
      <ca:example  title="Example #1: Simple">
        <ca:description>The ZoomIn widget has access to the NavTool Attribute Group. In the below example the ZoomIn widget is a part of a TOOLSET group of other Navagation buttons eg. ZoomOut. In this Toolbar set the ZoomIn widget has been selected as the DEFAULT selected button when the application is first loaded or refreshed in browser. The TOOLSET Attribute is from the Button Attribute Group, while the DEFAULT Attribute is from NavTool Group of Attributes.</ca:description>
        <ca:code >
          <ca:codeblock bold="false">
            <ca:line>&lt;cwc2 type="ZoomIn"</ca:line>
            <ca:line>   visible="true"</ca:line>
            <ca:line>   toolset="NavToolBar"</ca:line>
            <ca:line>   default="true"</ca:line>
            <ca:line>   image="buttons/button_zoomin_1.png"/&gt;</ca:line>
          </ca:codeblock>
        </ca:code>
      </ca:example>
    </ca:widgetexamples>

     <!-- Shared Resources Examples -->
    <ca:sharedresourceexamples title="Shared Resource Examples">
      <ca:intro>If a Shared Resource is defined within the current widget than there should be an example of the Shared Resource Tag. All Shared Resource tags should be placed at the top of the HTML Template.  </ca:intro>
      <ca:example title="">
        <ca:description></ca:description>
        <ca:code title="">
          <ca:description></ca:description>
          <ca:codeblock bold="false">
            <ca:line></ca:line>
          </ca:codeblock>
        </ca:code>
      </ca:example>
    </ca:sharedresourceexamples>
      <!-- Sample Applications -->
    <ca:sampleapps title="Sample Applications">
      <ca:intro>See this widget in action! Here are some applications that use this widget.</ca:intro>
      <ca:sampleapp>
        <ca:name></ca:name>
        <ca:appurl>http://www.mapsherpa.com/hawaii2/</ca:appurl>
        <ca:description>The Hawaii Demo uses the latest 1.99 Chameleon version.</ca:description>
      </ca:sampleapp>     
    </ca:sampleapps>
      <!-- Application Programming Script Examples -->
    <ca:scriptexamples title="Script Examples">
      <ca:intro>Below are script examples to illustrate the different methods and widget features a programmer could interact with to enhance there specific application.</ca:intro>
      <ca:example title="">
        <ca:description></ca:description>
        <ca:code title="">
          <ca:description></ca:description>
          <ca:codeblock bold="false">
            <ca:line></ca:line>
          </ca:codeblock>
        </ca:code>
      </ca:example>
    </ca:scriptexamples>    
  </ca:examples>  
  
  <ca:widgettag>
    <ca:attribute>
      <ca:name>CURSORTYPE</ca:name>
      <ca:type>
        <ca:value>string</ca:value>
      </ca:type>
      <ca:class>
        <ca:value>Widget Only</ca:value>
      </ca:class>
      <ca:default>
        <ca:value>AUTO</ca:value>
        <ca:description/>
      </ca:default>
      <ca:description>Allow the cursor to change to a predefined cursor type when the tool is being used. The cursor types are dependent on what is available to a particular browser.</ca:description>
    </ca:attribute>
    <ca:attribute>
      <ca:name>MAPID</ca:name>
      <ca:type>
        <ca:value>string</ca:value>
      </ca:type>
      <ca:class>
        <ca:value>Widget Only</ca:value>
      </ca:class>
      <ca:default>
        <ca:value>DEFAULT_MAP</ca:value>
        <ca:description/>
      </ca:default>
      <ca:description>The ID of the map to which this widget should apply its navigation. This attribute becomes important when there is more than one map in an HTML template interface. This feature is considered experimental.</ca:description>
    </ca:attribute>
    <ca:attribute>
      <ca:name>WIDGETSTYLE</ca:name>
      <ca:type>
        <ca:value>string</ca:value>
      </ca:type>
      <ca:class>
        <ca:value>Widget Only</ca:value>
      </ca:class>
      <ca:default>
        <ca:value>NULL</ca:value>
        <ca:description/>
      </ca:default>
      <ca:description>The CSS class to control the style of any HTML input representation of the widget.</ca:description>
    </ca:attribute>
  </ca:widgettag>
  <!-- ********************* -->
  <!-- WIDGET ERRORS -->
  <!-- ********************* -->  
  <ca:errors title ="Widget Errors">
    <ca:intro>Errors that are potentially created from the us of the specific widget can be documented here. The Idea of this section is to document the possible different errors specific to this widget and also provide possible reason for the error.</ca:intro>
    <ca:error title="">
      <ca:type title="Type">
        <ca:value>PHP Mapscript</ca:value>
      </ca:type>
      <ca:severity title="Severity">
        <ca:value>none</ca:value>
        <ca:description></ca:description>
      </ca:severity>
      <ca:message title="Error Message">
    <ca:intro></ca:intro>
        <ca:paras title="">
      <ca:para>Error message string....</ca:para>
        </ca:paras>
      </ca:message>
      <ca:meaning  title="Interpretation">
    <ca:intro></ca:intro>
        <ca:paras title="">
      <ca:para>The description of what the message means......</ca:para>
        </ca:paras>      
      </ca:meaning>
      <ca:solution title="Troubleshooting Tips">
    <ca:intro>Any possible Solution that will help application developers troubleshoot and or fix problem.</ca:intro>
    <ca:paras title="">
      <ca:para>Any possible Solution that will help application developers troubleshoot and or fix problem.</ca:para>
    </ca:paras>             
      </ca:solution>
    </ca:error>
  </ca:errors>  
  <!-- ************************** -->
  <!-- END OF WIDGET XML DOCUMENT -->
  <!-- ************************** -->
</ca:attributegroupdoc>
