<?xml version="1.0"?>
<ca:attributegroupdoc xmlns:ca="http://localhost/chameleon/utils/xml/schemas" xmlns:xsi="http://www.w3.org/2001/XMLSchema-instance" xsi:schemaLocation="http://localhost/chameleon/utils/xml/schemas ..\..\..\utils\xml\schemas\chameleon.xsd">
  <!-- ***************************** -->
  <!-- SPECIFIC DOCUMENT INFORMATION -->
  <!-- ***************************** -->
  <ca:docinfo title="Document Information">
    <ca:intro>The documentation information provided in this section. Gives specific information on the activities and state of the current widget document.</ca:intro> 
    <ca:language title="Document Language Code">
      <ca:value>en-CA</ca:value>  
      <ca:description>This document is written in Canadian English</ca:description>
    </ca:language>
    <ca:docbuilddate title="Doc_Builder Date">
      <ca:value>1999-12-31</ca:value>  
      <ca:description>The date of the document was last processed through doc builder.</ca:description>
    </ca:docbuilddate>
    <ca:docversion title="Document Repository Version">
      <ca:value>$id:$</ca:value>  
      <ca:description>CVS repository version description</ca:description>
    </ca:docversion>
    <ca:authors title="Authors">
       <ca:intro>The following active authors for this widget document are:</ca:intro>
      <ca:person>
        <ca:name>Doc_Builder</ca:name>
        <ca:company>DM Solutions Group Inc.</ca:company>
        <ca:contact>chameleon@lists.maptools.org</ca:contact>
        <ca:comment></ca:comment> 
      </ca:person>
    </ca:authors>
    <ca:editors title="Editors">
      <ca:intro>The following active editors for this widget document are:</ca:intro>
      <ca:person>
        <ca:name>Christopher R. Thorne</ca:name>
        <ca:company>DM Solutions Group Inc.</ca:company>
        <ca:contact>chameleon@lists.maptools.org</ca:contact>
        <ca:comment></ca:comment> 
      </ca:person>
      <ca:person>
        <ca:name>Paul Spencer</ca:name>
        <ca:company>DM Solutions Group Inc.</ca:company>
        <ca:contact>chameleon@lists.maptools.org</ca:contact>
        <ca:comment></ca:comment> 
      </ca:person>
    </ca:editors>
  </ca:docinfo>
  <!-- ********************* -->
  <!-- WIDGET IDENTIFICATION -->
  <!-- ********************* -->
  <ca:identification title="Identification">
    <ca:intro>The main developers of this widget should present them selves bellow:</ca:intro>  
    
    <ca:name title="Attribute Group Name">
      <ca:value>Popup</ca:value>
      <ca:description>The name of this widget based on last current widget name is:</ca:description>
    </ca:name>
    
    <ca:chameleonpack title="Widget Package">
      <ca:value>Base</ca:value>
      <ca:description>The widget installation package the widget is in.</ca:description>  
    </ca:chameleonpack>
    
    <ca:parentgroup  title="Parent Group">
      <ca:value>Popup Widgets</ca:value>
      <ca:description></ca:description>
    </ca:parentgroup>
    
    <ca:version title="Version">
      <ca:value>1.99</ca:value>
      <ca:description>Chameleon Technical Release</ca:description>
    </ca:version>
    
    <ca:releasedate  title="Release Date">
      <ca:value>2005-01-10</ca:value>
      <ca:description>Chameleon Technical Release</ca:description>
    </ca:releasedate>
    
    <ca:maturitylevel title="Maturity Level">
      <ca:value>TECHRELEASE</ca:value>
      <ca:description></ca:description>   
    </ca:maturitylevel>
    
    <ca:developers title="Developers">
      <ca:person>
        <ca:name>Paul Spencer</ca:name>
        <ca:company>DM Solutions Group Inc.</ca:company>
        <ca:contact>chameleon-user@maptools.org</ca:contact>
        <ca:comment></ca:comment>
      </ca:person>
    </ca:developers>
    
  </ca:identification>    
  <!-- ************************** -->
  <!-- WIDGET GENERAL DESCRIPTION -->
  <!-- ************************** -->  
  <ca:descriptions title="Description">
      <ca:intro>This section holds all content description for a specific widget.</ca:intro>
    <!-- ************************************* -->
    <!-- WIDGET DESCRIPTION                    -->
    <!-- ************************************* -->          
    <ca:description title="General Description">
        <ca:intro>The general description of the importance of the current widget.</ca:intro>
        <ca:paras title="">
          <ca:para>Popup attributes are common to all widgets that exist as or have the option to exist as a popup window interface (e.g., legend popup).</ca:para>
        </ca:paras>
    </ca:description>
    <!-- **************************************************** -->
    <!-- TECHINCAL REQUIREMENT  DESCRIPTIONS -->
    <!-- **************************************************** -->         
    <ca:techrequirements title="Technical Requirements">
      <ca:intro>Some widget require specific software installed or configuration that limits it ability to function within a normal chameleon installation.  </ca:intro>
      <ca:paras title="">
        <ca:para></ca:para>
      </ca:paras>
    </ca:techrequirements>    
    <!-- ************************************* -->
    <!-- WIDGET DEPENDANCY             -->
    <!-- ************************************* -->    
    <ca:dependancies title="Dependancies">
      <ca:intro>In order for the widget to function, the following Chameleon features may be required.</ca:intro>   
      <ca:dependancy title="" type="None">
        <ca:para></ca:para>
      </ca:dependancy>
    </ca:dependancies>
    <!-- ************************************* -->
    <!-- SHARED RESOURCES             -->
    <!-- ************************************* -->
    <ca:sharedresources title="Shared Resources">
      <ca:intro>The type of attributes used by this widget determines what kind of Shared Resources the widget can use.</ca:intro>
      <ca:paras title="PopupCSS Resource">
        <ca:para>The &quot;PopupCSS&quot; Shared Resource is a placeholder for the location of the CSS style file you wish to use to style your popup windows. If no &quot;PopupCSS&quot; resource is defined,  Chameleon uses its default popup.css file. You must use the reserved resource name &quot;PopupCSS&quot;.</ca:para>
      </ca:paras>
    </ca:sharedresources>
    <!-- ************************************ -->
    <!-- WIDGET GENERAL USER INFO -->
    <!-- ************************************ --> 
    <ca:embeddedhelp title="General User Interface Help">
      <ca:intro>This section holds the string that is displayed within a chameleon application when the EmbeddedHelp widget is used.</ca:intro>
      <ca:paras title="">
        <ca:para></ca:para>
      </ca:paras>
    </ca:embeddedhelp>      
    <!-- ************************************************************* -->
    <!-- WIDGET DETAILED FUNCTIONALITY DESCRIPTIONS -->
    <!-- ************************************************************** --> 
    <ca:guinotes title="Interface Functionality">
      <ca:intro>In many cases when a Chameleon Widgets is declared within an HTML Chameleon Application Template the widget is accessible visiblely to the user. It is important to outline how a user can us the interface of this widgets. </ca:intro>
      <ca:guinote type="None" title="">
        <ca:para></ca:para>
      </ca:guinote>
    </ca:guinotes>
    <!-- ********************* -->
    <!-- WIDGET QA INFO -->
    <!-- ********************* -->          
    <ca:qanotes title="Quality Assurance">
      <ca:intro>Any important QA information should be outlined here for the specific widget being described in this document. </ca:intro>
      <ca:paras title="None.">
        <ca:para></ca:para>
      </ca:paras>
    </ca:qanotes>
  </ca:descriptions>
  <ca:tagstructures>
    <ca:tagstructure title="Widget Syntax">
      <ca:description>The "PopupWidget" TYPE below is used only as an example name; no such widget exists.The widget syntax below defines a widget that uses this attribute group.</ca:description>
      <ca:code>
        <ca:codeblock bold="true">
          <ca:line>&lt;CWC2 TYPE="PopupWidget"</ca:line>
        </ca:codeblock>
        <ca:codeblock bold="false">
          <ca:line>   ENABLED="[TRUE|FALSE]"</ca:line>
          <ca:line>   FORMINDEX="[0 &lt; integer]"</ca:line>
          <ca:line>   VISIBLE="[TRUE|FALSE]"</ca:line>
          <ca:line/>
          <ca:line>   &lt;!-- Popup Attribute Group--&gt;</ca:line>
          <ca:line/>
        </ca:codeblock>
        <ca:codeblock bold="true">
          <ca:line>   POPUPHEIGHT="[0 &lt; integer]"</ca:line>
          <ca:line>   POPUPWIDTH="[0 &lt; integer]"</ca:line>
        </ca:codeblock>
        <ca:codeblock bold="false">
          <ca:line>   MENUBAR="[TRUE|FALSE]"</ca:line>
          <ca:line>   POPUPSTYLERESOURCE="[string]"</ca:line>
          <ca:line>   RESIZABLE="[TRUE|FALSE]"</ca:line>
          <ca:line>   SCROLLBARS="[TRUE|FALSE]"</ca:line>
          <ca:line>   STATUS="[TRUE|FALSE]"</ca:line>
          <ca:line>   TOOLBAR="[TRUE|FALSE]"/&gt;</ca:line>
        </ca:codeblock>
      </ca:code>
    </ca:tagstructure>
    <ca:tagstructure title="Shared Resource Syntax">
      <ca:description>The "PopupCSS" Shared Resource syntax structure is defined between the features of the SharedResource Widget and the Popup Attribute Group.</ca:description>
      <ca:code>
        <ca:codeblock bold="true">
          <ca:line>&lt;CWC2 TYPE="SharedResource"</ca:line>
          <ca:line>   NAME=&quot;PopupCSS&quot;</ca:line>
        </ca:codeblock>
        <ca:codeblock bold="false">
          <ca:line>   VALUE="[PATH]"/&gt;</ca:line>      
        </ca:codeblock>
      </ca:code>
    </ca:tagstructure>    
  </ca:tagstructures>


<!-- EXAMPLES SECTION -->
  <ca:examples title="Examples">
     <ca:intro>This is the section for all code examples. From Widget, Shared Resource to Advance Scripting examples.</ca:intro>
     <!-- Widget Examples -->
    <ca:widgetexamples>
      <ca:example title="Example #1: Simple">
        <ca:description>Since the ErrorReport widget uses the Popup Attribute Group, it inherits the Popup Attribute Groups required attributes popupwidth and popupheight. </ca:description>
        <ca:code>
          <ca:codeblock bold="false">
            <ca:line>&lt;cwc2 type="ErrorReport" </ca:line>
            <ca:line>   popupwidth="500" </ca:line>
            <ca:line>   popupheight="400"/&gt; </ca:line>
          </ca:codeblock>
        </ca:code>
      </ca:example>
    </ca:widgetexamples>

     <!-- Shared Resources Examples -->
    <ca:sharedresourceexamples title="Shared Resource Examples">
      <ca:intro>If a Shared Resource is defined within the current widget than there should be an example of the Shared Resource Tag. All Shared Resource tags should be placed at the top of the HTML Template.  </ca:intro>
      <ca:example title="Example #1: Advanced">
        <ca:description>This is how you define this Shared Resource. Notice the name is of the Shared Resource is &quot;PopupCSS&quot; and that the value of the Shared Resource is a relative path to your template. If not found Chameleon will search for the CSS file found in its main directory. This path could also be a URL.</ca:description>
        <ca:code>
          <ca:codeblock bold="false">
              <ca:line>&lt;!-- Popup CSS Shared Resource--&gt;</ca:line>
              <ca:line />
              <ca:line>&lt;cwc2 type=&quot;SharedResource&quot;</ca:line>
              <ca:line>   name=&quot;PopupCSS&quot;</ca:line>
              <ca:line>   value="/cssdir/popup.css"/&gt;</ca:line>      
          </ca:codeblock>
        </ca:code>
      </ca:example>    
    </ca:sharedresourceexamples>
      <!-- Application Programming Script Examples -->
    <ca:scriptexamples title="Script Examples">
      <ca:intro>Below are script examples to illustrate the different methods and widget features a programmer could interact with to enhance there specific application.</ca:intro>
      <ca:example title="">
        <ca:description></ca:description>
        <ca:code title="">
          <ca:description></ca:description>
          <ca:codeblock bold="false">
            <ca:line></ca:line>
          </ca:codeblock>
        </ca:code>
      </ca:example>
    </ca:scriptexamples>    
  </ca:examples>
    
  <ca:widgettag>
    <ca:attribute>
      <ca:name>MENUBAR</ca:name>
      <ca:type>
        <ca:value>boolean</ca:value>
      </ca:type>
      <ca:class>
        <ca:value>Widget Only</ca:value>
      </ca:class>
      <ca:default>
        <ca:value>true</ca:value>
        <ca:description/>
      </ca:default>
      <ca:possvalues type="list">
        <ca:value>true</ca:value>
        <ca:value>false</ca:value>
      </ca:possvalues>
      <ca:description>Control the display of a menubar in a popup window.</ca:description>
    </ca:attribute>
    <ca:attribute>
      <ca:name>POPUPHEIGHT</ca:name>
      <ca:type>
        <ca:value>integer</ca:value>
      </ca:type>
      <ca:class>
        <ca:value>Required</ca:value>
      </ca:class>
      <ca:possvalues type="range">
        <ca:minimum>0</ca:minimum>
        <ca:maximum>2147483647</ca:maximum>
      </ca:possvalues>
      <ca:description>Set the height (in pixels) of a popup window.</ca:description>
    </ca:attribute>
    <ca:attribute>
      <ca:name>POPUPSTYLERESOURCE</ca:name>
      <ca:type>
        <ca:value>string</ca:value>
      </ca:type>
      <ca:class>
        <ca:value>Widget Only</ca:value>
      </ca:class>
      <ca:default>
        <ca:value>NULL</ca:value>
        <ca:description/>
      </ca:default>
      <ca:description>Link and identify the button style Shared Resource for a widget's popup window, found at top of an HTML template.</ca:description>
    </ca:attribute>
    <ca:attribute>
      <ca:name>POPUPWIDTH</ca:name>
      <ca:type>
        <ca:value>integer</ca:value>
      </ca:type>
      <ca:class>
        <ca:value>Required</ca:value>
      </ca:class>
      <ca:possvalues type="range">
        <ca:minimum>0</ca:minimum>
        <ca:maximum>2147483647</ca:maximum>
      </ca:possvalues>
      <ca:description>Set the width (in pixels) of a popup window.</ca:description>
    </ca:attribute>
    <ca:attribute>
      <ca:name>RESIZABLE</ca:name>
      <ca:type>
        <ca:value>boolean</ca:value>
      </ca:type>
      <ca:class>
        <ca:value>Widget Only</ca:value>
      </ca:class>
      <ca:default>
        <ca:value>true</ca:value>
        <ca:description/>
      </ca:default>
      <ca:possvalues type="list">
        <ca:value>true</ca:value>
        <ca:value>false</ca:value>
      </ca:possvalues>
      <ca:description>Control whether a popup window is resizable or not.</ca:description>
    </ca:attribute>
    <ca:attribute>
      <ca:name>SCROLLBARS</ca:name>
      <ca:type>
        <ca:value>boolean</ca:value>
      </ca:type>
      <ca:class>
        <ca:value>Widget Only</ca:value>
      </ca:class>
      <ca:default>
        <ca:value>true</ca:value>
        <ca:description/>
      </ca:default>
      <ca:possvalues type="list">
        <ca:value>true</ca:value>
        <ca:value>false</ca:value>
      </ca:possvalues>
      <ca:description>Control the display of scrollbars in a popup window.</ca:description>
    </ca:attribute>
    <ca:attribute>
      <ca:name>STATUS</ca:name>
      <ca:type>
        <ca:value>boolean</ca:value>
      </ca:type>
      <ca:class>
        <ca:value>Widget Only</ca:value>
      </ca:class>
      <ca:default>
        <ca:value>true</ca:value>
        <ca:description/>
      </ca:default>
      <ca:possvalues type="list">
        <ca:value>true</ca:value>
        <ca:value>false</ca:value>
      </ca:possvalues>
      <ca:description>Control the display of a status bar in a popup window.</ca:description>
    </ca:attribute>
    <ca:attribute>
      <ca:name>TOOLBAR</ca:name>
      <ca:type>
        <ca:value>boolean</ca:value>
      </ca:type>
      <ca:class>
        <ca:value>Widget Only</ca:value>
      </ca:class>
      <ca:default>
        <ca:value>true</ca:value>
        <ca:description/>
      </ca:default>
      <ca:possvalues type="list">
        <ca:value>true</ca:value>
        <ca:value>false</ca:value>
      </ca:possvalues>
      <ca:description>Control the display of a toolbar in a popup window.</ca:description>
    </ca:attribute>
  </ca:widgettag>
 <!-- ********************* -->
  <!-- WIDGET ERRORS -->
  <!-- ********************* -->  
  <ca:errors title ="Widget Errors">
    <ca:intro>Errors that are potentially created from the us of the specific widget can be documented here. The Idea of this section is to document the possible different errors specific to this widget and also provide possible reason for the error.</ca:intro>
    <ca:error title="">
      <ca:type title="Type">
        <ca:value>PHP Mapscript</ca:value>
      </ca:type>
      <ca:severity title="Severity">
        <ca:value>none</ca:value>
        <ca:description></ca:description>
      </ca:severity>
      <ca:message title="Error Message">
    <ca:intro></ca:intro>
        <ca:paras title="">
      <ca:para>Error message string....</ca:para>
        </ca:paras>
      </ca:message>
      <ca:meaning  title="Interpretation">
    <ca:intro></ca:intro>
        <ca:paras title="">
      <ca:para>The description of what the message means......</ca:para>
        </ca:paras>      
      </ca:meaning>
      <ca:solution title="Troubleshooting Tips">
    <ca:intro>Any possible Solution that will help application developers troubleshoot and or fix problem.</ca:intro>
    <ca:paras title="">
      <ca:para>Any possible Solution that will help application developers troubleshoot and or fix problem.</ca:para>
    </ca:paras>             
      </ca:solution>
    </ca:error>
  </ca:errors>  
</ca:attributegroupdoc>
