<categories>
  <category name="studio" version="1.0.0">
    <description>
      A suite of web-based tools that simplifies the creation and management of MapServer maps and web-mapping applications.
    </description>
    <packages>
      <package name="studio-1.0.tgz" default="true"/>
    </packages>
  </category>

  <category name="chameleon" version="1.0.0">
    <description>
      A suite of web-based tools that simplifies the creation and management of MapServer maps and web-mapping applications.
    </description>
    <packages>
      <package name="chameleon-1.0.tgz" default="true"/>
      <package name="base_widgets-1.0.tgz" default="false"/>
      <package name="enh_widgets-1.0.tgz" default="false"/>
      <package name="ogc_widgets-1.0.tgz" default="false"/>
      <package name="roi_widgets-1.0.tgz" default="false"/>
      <package name="util_widgets-1.0.tgz" default="false"/>
    </packages>
  </category>

 <category name="php_utils" version="1.0.0">
  <description>PHP Utils class</description>
  <packages>
   <package name="php_utils-1.0.tgz" default="true"/>
  </packages>
 </category>

 <category name="installer" version="1.0.0">
  <description>Base application</description>
  <packages>
   <package name="installer-1.0.tgz" default="false"/>
  </packages>
 </category>
</categories>
