<?xml version="1.0" encoding="ISO-8859-1"?>
<ca:widgetdoc xmlns:xsi="http://www.w3.org/2001/XMLSchema-instance" xmlns:ca="http://localhost/chameleon/utils/xml/schemas" xsi:schemaLocation="http://localhost/chameleon/utils/xml/schemas ..\..\..\utils\xml\schemas\chameleon.xsd">
  <ca:docinfo title="Document Information">
    <ca:language title="Document Language Code">
      <ca:value>English (en-ca)</ca:value>
    </ca:language>
    <ca:docbuilddate title="Doc_Builder Date">
      <ca:value>2004-12-18</ca:value>
    </ca:docbuilddate>
    <ca:docversion title="Document Repository Version">
      <ca:value>$id: $</ca:value>
    </ca:docversion>
    <ca:authors title="Authors">
      <ca:person>
        <ca:name>Doc_Builder</ca:name>
        <ca:company>DM Solutions Group Inc.</ca:company>
        <ca:contact>chameleon@lists.maptools.org</ca:contact>
        <ca:comment></ca:comment>
      </ca:person>
    </ca:authors>
    <ca:editors title="Editors">
      <ca:person>
        <ca:name>Christopher R. Thorne</ca:name>
        <ca:company>DM Solutions Group Inc.</ca:company>
        <ca:contact>chameleon@lists.maptools.org</ca:contact>
        <ca:comment></ca:comment>
      </ca:person>
    </ca:editors>
  </ca:docinfo>
  <ca:identification title="Identification">
    <ca:name title="Name">
      <ca:value>clearqueryresults</ca:value>
    </ca:name>
    <ca:chameleonpack title="Widet Package">
      <ca:value>TBD</ca:value>
    </ca:chameleonpack>
    <ca:parentgroup title="Parent Group">
      <ca:value>TBD</ca:value>
    </ca:parentgroup>
    <ca:version title="Version">
      <ca:value>1.99</ca:value>
    </ca:version>
    <ca:releasedate title="Release Date">
      <ca:value>1999-12-31</ca:value>
    </ca:releasedate>
    <ca:maturitylevel title="Maturity Level">
      <ca:value>BETA</ca:value>
    </ca:maturitylevel>
    <ca:developers title="Developers">
      <ca:person>
        <ca:name>Paul Spencer</ca:name>
        <ca:company>DM Solutions Group Inc.</ca:company>
        <ca:contact>chameleon@lists.maptools.org</ca:contact>
        <ca:comment></ca:comment>
      </ca:person>
    </ca:developers>
  </ca:identification>
  <ca:descriptions title="Description">
    <ca:description title="General Functionality">
      <ca:paras title="None.">
        <ca:para>The ClearQueryResults widget allows the user to clear query results on 
the current page without performing any other navigation.</ca:para>
      </ca:paras>
    </ca:description>
    <ca:techrequirements title="Technical Requirements">
      <ca:paras title="None.">
        <ca:para></ca:para>
      </ca:paras>
    </ca:techrequirements>
    <ca:dependancies title="Dependancies">
      <ca:dependancy type="None" title="None.">
        <ca:para></ca:para>
      </ca:dependancy>
    </ca:dependancies>
    <ca:sharedresources title="Shared Resources">
      <ca:paras title="None.">
        <ca:para></ca:para>
      </ca:paras>
    </ca:sharedresources>
    <ca:embeddedhelp title="General User Interface Help">
      <ca:paras title="None.">
        <ca:para></ca:para>
      </ca:paras>
    </ca:embeddedhelp>
    <ca:guinotes title="Interface Functionality">
      <ca:guinote type="None" title="None.">
        <ca:para></ca:para>
      </ca:guinote>
    </ca:guinotes>
    <ca:qanotes title="Quality Assurance">
      <ca:paras title="None.">
        <ca:para></ca:para>
      </ca:paras>
    </ca:qanotes>
  </ca:descriptions>
  <ca:tagstructures title="Tag Syntax">
    <ca:tagstructure title="Widget Syntax">
      <ca:description></ca:description>
      <ca:code title="">
        <ca:description></ca:description>
        <ca:codeblock bold="false"/>
      </ca:code>
    </ca:tagstructure>
  </ca:tagstructures>
  <ca:examples title="Examples">
    <ca:widgetexamples title="Widget Examples">
      <ca:example title="Example #1: Simple">
        <ca:description></ca:description>
        <ca:code title="">
          <ca:description></ca:description>
          <ca:codeblock bold="false">
            <ca:line></ca:line>
          </ca:codeblock>
        </ca:code>
      </ca:example>
    </ca:widgetexamples>
    <ca:sharedresourceexamples title="Shared Resources Examples">
      <ca:example title="Example #1: Advanced">
        <ca:description></ca:description>
        <ca:code title="">
          <ca:description></ca:description>
          <ca:codeblock bold="false">
            <ca:line></ca:line>
          </ca:codeblock>
        </ca:code>
      </ca:example>
    </ca:sharedresourceexamples>
    <ca:sampleapps title="Sample Applications">
      <ca:sampleapp>
        <ca:name>Hawaii Demo</ca:name>
        <ca:appurl>http://www.mapsherpa.com/hawaii2/</ca:appurl>
        <ca:description>The Hawaii Demo uses the latest 1.99 Chameleon version.</ca:description>
      </ca:sampleapp>
    </ca:sampleapps>
    <ca:scriptexamples title="Script Examples">
      <ca:example title="Example #1: Simple">
        <ca:description></ca:description>
        <ca:code title="">
          <ca:description></ca:description>
          <ca:codeblock bold="false">
            <ca:line></ca:line>
          </ca:codeblock>
        </ca:code>
      </ca:example>
    </ca:scriptexamples>
  </ca:examples>
  <ca:attributegroups title="Attribute Groups">
    <ca:description></ca:description>
    <ca:attributegroup>
      <ca:name>base</ca:name>
    </ca:attributegroup>
  </ca:attributegroups>
  <ca:widgettag title="Attributes">
    <ca:subtag>
      <ca:name></ca:name>
      <ca:type title="Type">
        <ca:value>XML</ca:value>
        <ca:description>Child Element to Chameleon widget tag (subtag)</ca:description>
      </ca:type>
      <ca:class title="Class">
        <ca:value>Widget &amp; Shared Resource</ca:value>
      </ca:class>
      <ca:description></ca:description>
      <ca:attribute>
        <ca:name></ca:name>
        <ca:type title="Type">
          <ca:value>float</ca:value>
          <ca:description></ca:description>
        </ca:type>
        <ca:class title="Class">
          <ca:value>Widget &amp; Shared Resource</ca:value>
        </ca:class>
        <ca:default title="Default">
          <ca:value></ca:value>
          <ca:description></ca:description>
        </ca:default>
        <ca:possvalues type="list" title="Value">
          <ca:value></ca:value>
        </ca:possvalues>
        <ca:description></ca:description>
      </ca:attribute>
    </ca:subtag>
  </ca:widgettag>
  <ca:formelements title="Form Elements"/>
  <ca:jsvariables title="JavaScript Variables"/>
  <ca:jsfunctions title="JavaScript Functions">
    <ca:jsfunction>
      <ca:name>clickClearQueryResults</ca:name>
      <ca:scope title="Scope">
        <ca:value>Private</ca:value>
      </ca:scope>
      <ca:description></ca:description>
      <ca:returnvalues title="Function Return Value">
        <ca:returnvalue>
          <ca:type title="Type">
            <ca:value>unknown</ca:value>
            <ca:description></ca:description>
          </ca:type>
          <ca:default title="Default">
            <ca:value></ca:value>
          </ca:default>
          <ca:possvalues type="list" title="Values">
            <ca:value></ca:value>
          </ca:possvalues>
          <ca:description></ca:description>
        </ca:returnvalue>
      </ca:returnvalues>
      <ca:triggeredjsapievents title="JSAPI Triggered Events">
        <ca:intro>Describe the JS functions (if any) that define or rather trigger events through the Chameleon JSAPI.</ca:intro>
        <ca:triggeredjsapievent title="">
          <ca:name></ca:name>
          <ca:description></ca:description>
        </ca:triggeredjsapievent>
      </ca:triggeredjsapievents>
    </ca:jsfunction>
  </ca:jsfunctions>
  <ca:jsfiles title="JavaScript Files">
    <ca:jsfile>
      <ca:name></ca:name>
      <ca:description></ca:description>
      <ca:jsvariables title="JavaScript Variables">
        <ca:jsvariable>
          <ca:name></ca:name>
          <ca:type title="Type">
            <ca:value>string</ca:value>
          </ca:type>
          <ca:scope title="Scope">
            <ca:value>Private</ca:value>
          </ca:scope>
          <ca:default title="Default">
            <ca:value></ca:value>
          </ca:default>
          <ca:possvalues type="list" title="Values">
            <ca:value></ca:value>
          </ca:possvalues>
          <ca:description></ca:description>
        </ca:jsvariable>
      </ca:jsvariables>
      <ca:jsfunctions title="JavaScript Functions">
        <ca:jsfunction>
          <ca:name></ca:name>
          <ca:scope title="Scope">
            <ca:value>Private</ca:value>
          </ca:scope>
          <ca:description></ca:description>
          <ca:parameters title="Parameters">
            <ca:parameter>
              <ca:name></ca:name>
              <ca:type title="Type">
                <ca:value>string</ca:value>
              </ca:type>
              <ca:required title="Required">
                <ca:value>false</ca:value>
              </ca:required>
              <ca:default title="Default">
                <ca:value></ca:value>
                <ca:description></ca:description>
              </ca:default>
              <ca:possvalues type="list" title="Values">
                <ca:value></ca:value>
              </ca:possvalues>
              <ca:description></ca:description>
            </ca:parameter>
          </ca:parameters>
          <ca:returnvalues title="Function Return Value">
            <ca:returnvalue>
              <ca:type title="Type">
                <ca:value>unknown</ca:value>
                <ca:description></ca:description>
              </ca:type>
              <ca:default title="Default">
                <ca:value></ca:value>
              </ca:default>
              <ca:possvalues type="list" title="Values">
                <ca:value></ca:value>
              </ca:possvalues>
              <ca:description></ca:description>
            </ca:returnvalue>
          </ca:returnvalues>
          <ca:triggeredjsapievents title="JSAPI Triggered Events">
            <ca:triggeredjsapievent title="">
              <ca:name></ca:name>
              <ca:description></ca:description>
            </ca:triggeredjsapievent>
          </ca:triggeredjsapievents>
        </ca:jsfunction>
      </ca:jsfunctions>
    </ca:jsfile>
  </ca:jsfiles>
  <ca:listenedjsapievents title="JSAPI Listened Events">
    <ca:listenedjsapievent title="">
      <ca:name></ca:name>
      <ca:description></ca:description>
      <ca:calledfunctions title="Functions Calls">
        <ca:intro>JSAPI function calls for this widget are outlined here. </ca:intro>
        <ca:calledfunction>
          <ca:name></ca:name>
          <ca:description></ca:description>
        </ca:calledfunction>
      </ca:calledfunctions>
    </ca:listenedjsapievent>
  </ca:listenedjsapievents>
  <ca:widgetevents title="Widget Events">
    <ca:widgetevent>
      <ca:name></ca:name>
      <ca:parameters title="Parameters">
        <ca:parameter>
          <ca:name></ca:name>
          <ca:type title="Type">
            <ca:value>string</ca:value>
          </ca:type>
          <ca:required title="Required">
            <ca:value>false</ca:value>
          </ca:required>
          <ca:default title="Default">
            <ca:value></ca:value>
            <ca:description></ca:description>
          </ca:default>
          <ca:possvalues type="list" title="Values">
            <ca:value></ca:value>
          </ca:possvalues>
          <ca:description></ca:description>
        </ca:parameter>
      </ca:parameters>
      <ca:description></ca:description>
    </ca:widgetevent>
  </ca:widgetevents>
  <ca:errors title="Widget Errors">
    <ca:error title="Error #1">
      <ca:type title="Type">
        <ca:value>PHP Mapscript</ca:value>
      </ca:type>
      <ca:severity title="Severity">
        <ca:value>none</ca:value>
        <ca:description></ca:description>
      </ca:severity>
      <ca:message title="Error Message">
        <ca:paras title="">
          <ca:para>Error message string....</ca:para>
        </ca:paras>
      </ca:message>
      <ca:meaning title="Interpretation">
        <ca:paras title="">
          <ca:para>The description of what the message means......</ca:para>
        </ca:paras>
      </ca:meaning>
      <ca:solution title="Troubleshooting Tips">
        <ca:paras title="">
          <ca:para>Any possible solution that will help application developers troubleshoot and fix the problem.</ca:para>
        </ca:paras>
      </ca:solution>
    </ca:error>
  </ca:errors>
</ca:widgetdoc>
