<?xml version='1.0' encoding="ISO-8859-1" standalone="no" ?>
<WMS_Viewer_Context version="0.1.4" xmlns:xlink="http://www.w3.org/TR/xlink" xmlns:xsi="http://www.w3.org/2001/XMLSchema-instance" xsi:noNamespaceSchemaLocation="http://ogc.dmsolutions.ca/contexts/0.1.4/context.xsd">
  <General>
    <Window width="400" height="300"/>
    <!-- Bounding box corners and spatial reference system -->
    <BoundingBox SRS="EPSG:4326" minx="-180" miny="-90" maxx="180" maxy="90"/>
    <Name>World Demo</Name>
    <!-- Title of Context -->
    <Title>World Demo</Title>
  </General>
  <!-- LayerList of Layer elements
       - implied order: bottom To Top
       first Layer element is bottom most layer in map view
       last Layer elements is op most layer in map view
  -->
  <LayerList>
    <Layer queryable="0" hidden="0">
      <Server service="WMS" version="1.1.0" title="WorldGen">
        <OnlineResource xlink:type="simple" xlink:href="http://www2.dmsolutions.ca/cgi-bin/mswms_world?"/>
      </Server>
      <Name>WorldGen</Name>
      <Title>WorldGen</Title>
      <SRS>EPSG:4326</SRS>
      <FormatList>
        <Format current="1">image/png</Format>
        <Format>image/gif</Format>
        <Format>image/jpeg</Format>
        <Format>image/wbmp</Format>
      </FormatList>
      <StyleList>
      </StyleList>
    </Layer>
    <Layer queryable="0" hidden="1">
      <Server service="WMS" version="1.1.0" title="WorldPolitical">
        <OnlineResource xlink:type="simple" xlink:href="http://www2.dmsolutions.ca/cgi-bin/mswms_world?"/>
      </Server>
      <Name>WorldPolitical</Name>
      <Title>World Political</Title>
      <SRS>EPSG:4326</SRS>
      <FormatList>
        <Format current="1">image/png</Format>
        <Format>image/gif</Format>
        <Format>image/jpeg</Format>
        <Format>image/wbmp</Format>
      </FormatList>
      <StyleList>
      </StyleList>
    </Layer>
        
    <Layer queryable="0" hidden="0">
        <Server service="WMS" version="1.1.0" title="WorldGen_Outline">
        <OnlineResource xlink:type="simple" xlink:href="http://www2.dmsolutions.ca/cgi-bin/mswms_world?"/>
      </Server>
      <Name>WorldGen_Outline</Name>
      <Title>WorldGen_Outline</Title>
      <SRS>EPSG:4326</SRS>
      <FormatList>
        <Format current="1">image/png</Format>
        <Format>image/gif</Format>
        <Format>image/jpeg</Format>
        <Format>image/wbmp</Format>
      </FormatList>
      <StyleList>
      </StyleList>
    </Layer><Layer queryable="0" hidden="0">
          <Server service="WMS" version="1.1.0" title="WorldRoads">
            <OnlineResource xlink:type="simple" xlink:href="http://www2.dmsolutions.ca/cgi-bin/mswms_world?"/>
          </Server>
          <Name>WorldRoads</Name>
          <Title>WorldRoads</Title>
          <SRS>EPSG:4326</SRS>
          <FormatList>
            <Format current="1">image/png</Format>
            <Format>image/gif</Format>
            <Format>image/jpeg</Format>
            <Format>image/wbmp</Format>
          </FormatList>
          <StyleList>
          </StyleList>
    </Layer>
    <Layer queryable="1" hidden="1">
              <Server service="WMS" version="1.1.0" title="WorldPlaces">
                <OnlineResource xlink:type="simple" xlink:href="http://www2.dmsolutions.ca/cgi-bin/mswms_world?"/>
              </Server>
              <Name>WorldPlaces</Name>
              <Title>WorldPlaces</Title>
              <SRS>EPSG:4326</SRS>
              <FormatList>
                <Format current="1">image/png</Format>
                <Format>image/gif</Format>
                <Format>image/jpeg</Format>
                <Format>image/wbmp</Format>
              </FormatList>
              <StyleList>
              </StyleList>
    </Layer>  
    <Layer queryable="1" hidden="1">
              <Server service="WMS" version="1.1.0" title="WorldPOI">
                <OnlineResource xlink:type="simple" xlink:href="http://www2.dmsolutions.ca/cgi-bin/mswms_world?"/>
              </Server>
              <Name>WorldPOI</Name>
              <Title>WorldPOI</Title>
              <SRS>EPSG:4326</SRS>
              <FormatList>
                <Format current="1">image/png</Format>
                <Format>image/gif</Format>
                <Format>image/jpeg</Format>
                <Format>image/wbmp</Format>
              </FormatList>
              <StyleList>
              </StyleList>
    </Layer>  
  </LayerList>
</WMS_Viewer_Context>