<?xml version="1.0" standalone="no"?>
<!DOCTYPE article PUBLIC "-//OASIS//DTD DocBook XML V4.1.2//EN"
          "http://mapserver.gis.umn.edu/mdp/docbkx412/docbookx.dtd">
<article>
  <articleinfo>
        <title>Chameleon 2.0 Installation Guide</title>
        <author>
            <firstname>Paul</firstname>
            <surname>Spencer</surname>
            <affiliation>
                <orgname>DM Solutions Group Inc.</orgname>
                <address>
                    <email>pspencer@dmsolutions.ca</email>
                </address>
            </affiliation>
        </author>
    <editor>
      <firstname>Darren</firstname>
      <surname>Redfern</surname>
    </editor>
        <date>2004/08/22</date>
        <abstract>
            <para>
                       This document describes how to install Chameleon 2.0 on your system.
      </para>
            <para>Last Updated: 2004/12/22</para>
            <para>
                <link linkend="rhistory">Revision History</link>
            </para>            
        </abstract>
  </articleinfo>
  <sect1 id="intro">
    <title>
                       Introduction
    </title>
    <para>
                       This document is intended to help you get Chameleon 2.0 installed on your 
                       Windows or Linux server. It provides step-by-step instructions on how to proceed, 
                       based on a handful of common installation scenarios. If, after thoroughly reading 
                       this document and trying out its instructions, you have further installation questions, 
                       please refer to the <link linkend="moreinfo">For More Information</link> section.
    </para>
    <para>
                       Once Chameleon is installed, you will likely have to change some of the administration 
                       and configuration parameters. A &quot;Chameleon Administrator's Guide&quot; will be 
                       developed in the near future...for now if you are working on Windows the MS4W Chameleon 
                       installer package is recommended.  Otherwise the config file is located at 
                       \\chameleon\config\chameleon.xml.
    </para>
    <sect2 id="cwc2note">
      <title>
                       Note to CWC2 Users
      </title>
      <para>
                       If you have previously used Chameleon 1.0 (also known as CWC2), take note. The CWC2 
                       Service Instance, which was an integral part of the main CWC2 product, has been 
                       separated out from the base functionality of Chameleon 1.99/2.0. While the Service 
                       Instance is still available and is downloaded/installed with standard Chameleon, 
                       you need to "turn it on" and configure it before it can be used. For more information, 
                       refer to the &quot;CWC2 Service Instance&quot; document.
      </para>                 
    </sect2>  
  </sect1>  
  <sect1 id="usems4w">
    <title>
                       Using the MS4W Installer
    </title>
    <para>
                       If you are using the Windows operating system, the best and quickest way to get up 
                       and running with Chameleon is to use the MS4W (MapServer for Windows) installer utility. 
                       After installing the base MapServer package, you can then add the latest Chameleon 2.0 
                       add-on package. Within a few minutes, you should be up and running!
    </para>
    <para>
                       However, please note that MS4W comes with a pre-configured Web Server (Apache) and 
                       supporting files. If you are already using a Web Server, follow the 
                       <link linkend="windows">customized installation instructions</link> to integrate 
                       Chameleon into your existing Websites.
    </para>               
    <para>
                       Information and downloads for the MS4W package (and its add-ons) can be found on 
                       MapTools.org at <ulink url="http://www.maptools.org/ms4w/">http://www.maptools.org/ms4w/</ulink>. 
    </para>                   
    <para>           
                       If you are using the Linux operating system or need to do a custom Windows installation, 
                       please refer to the section <link linkend="custom">Customized Installations</link>.
    </para>
  </sect1>
  <sect1 id="custom">
    <title>
                       Customized Installations
    </title>
    <sect2 id="windows">
      <title>
                       Windows
      </title>
      <sect3 id="reqtech-win">
        <title>
                       Required Technologies
        </title>
        <para>
                       Before installing Chameleon 2.0 on your Windows system, please make sure that you 
                       have the following technologies properly installed.
        </para>
        <table frame='all'>
          <title>
                       Required Technologies
          </title>
          <tgroup cols='3' align='left' colsep='1' rowsep='1'>
          <tbody>
          <row>
            <entry><emphasis>Technology</emphasis></entry>
            <entry><emphasis>Details</emphasis></entry>          
            <entry><emphasis>Where to Go...</emphasis></entry>
          </row>
          <row>
            <entry>PHP 4.3.x</entry>
            <entry>web scripting language</entry>
            <entry><ulink url="http://www.php.net/downloads.php">http://www.php.net/downloads.php</ulink></entry>
          </row>       
          <row>
            <entry>Web Server</entry>
            <entry>e.g., Apache, IIS, PWS, etc.</entry>
            <entry><ulink url="http://www.apache.org">http://www.apache.org</ulink>, <ulink url="http://www.microsoft.com">http://www.microsoft.com</ulink>, etc.</entry>
          </row>                 
          <row>
            <entry>PHP MapScript</entry>
            <entry>module enabling MapServer's MapScript functions</entry>
            <entry><ulink url="http://www.maptools.org/php_mapscript/">http://www.maptools.org/php_mapscript/</ulink></entry>
          </row>      
          <row>
            <entry>PROJ.4</entry>
            <entry>Must be in system <filename>PATH</filename> - e.g., <filename>c:\</filename> or <filename>c:\windows\system32</filename>. Alternatively, you can configure through metadata (see MapServer documentation).</entry>
            <entry><ulink url="http://proj.maptools.org/">http://proj.maptools.org/</ulink></entry>
          </row>               
          </tbody>
          </tgroup>
        </table>      
        <para>
                       From this point on, this guide assumes that you have all required technologies installed 
                       and properly configured.
        </para>
      </sect3>   
      <sect3 id="installation-win">
      <title>Installation Steps</title>
      <para>
                       Most Windows users will use the <link linkend="usems4w">MS4W</link> installer, 
                       but if you want to do a custom Windows installation, please perform the following steps:
      </para>
      <orderedlist>
        <listitem>
          <para>
                       Unzip Chameleon 2.0 to the directory of your choice.  This creates the following 
                       base directories:
          </para>
          <itemizedlist>
            <listitem>
              <para> 
                       <filename>chameleon&lt;version&gt;\admin</filename>
              </para>
            </listitem>           
            <listitem>
              <para>
                       <filename>chameleon&lt;version&gt;\config</filename>
              </para>
            </listitem> 
            <listitem>
              <para>            
                       <filename>chameleon&lt;version&gt;\cwc2</filename>
              </para>
            </listitem> 
            <listitem>
              <para> 
                       <filename>chameleon&lt;version&gt;\data</filename>
              </para>
            </listitem> 
            <listitem>
              <para> 
                       <filename>chameleon&lt;version&gt;\docs</filename>
              </para>
            </listitem>             
            <listitem>
              <para> 
                       <filename>chameleon&lt;version&gt;\etc</filename>
              </para>
            </listitem> 
            <listitem>
              <para> 
                       <filename>chameleon&lt;version&gt;\htdocs</filename>
              </para>
            </listitem> 
            <listitem>
              <para> 
                       <filename>chameleon&lt;version&gt;\samples</filename>
              </para>
            </listitem> 
          </itemizedlist>
        </listitem>
        <listitem>
          <para>     
                       Create the following directories in a Web-accessible <emphasis>and</emphasis> 
                       Webuser-writable directory:
          </para>             
          <itemizedlist>
            <listitem>
              <para>
                       <filename>ms_tmp</filename> 
              </para>
            </listitem>
            <listitem>
              <para>
                       <filename>ms_tmp/buttons</filename>
              </para>
            </listitem>
          </itemizedlist>  
          <para> 
                       For example:
          </para>
          <itemizedlist>
            <listitem>
              <para>
                       <filename>c:\tmp\ms_tmp\</filename>
              </para>
            </listitem>
            <listitem>
              <para>
                       <filename>c:\tmp\ms_tmp\buttons\</filename>
              </para>
            </listitem>
          </itemizedlist>
          <para>
                       (In this example, <filename>c:\tmp\ms_tmp</filename> would be Web-accessible 
                       <emphasis>and</emphasis> Webuser-writable.)
          </para>
        </listitem>  
        <listitem>
          <para>
                       Create the following aliases (Apache) or virtual directories (IIS):
          </para>
          <itemizedlist>
            <listitem>
              <para>
                       <filename>/chameleon/</filename>
              </para>
            </listitem> 
            <listitem>
              <para>
                       <filename>/chameleon/admin/</filename>
              </para>
            </listitem>      
            <listitem>
              <para>
                       <filename>/chameleon/docs/</filename>
              </para>
            </listitem>      
            <listitem>
              <para>
                       <filename>/chameleon/samples/</filename>
              </para>
            </listitem>     
            <listitem>
              <para>
                       <filename>/chameleon/cwc2/contexts/</filename>  (for the CWC2 Service Instance)
              </para>
            </listitem>       
            <listitem>
              <para>
                       <filename>/chameleon/cwc2/templates/</filename> (for the CWC2 Service Instance)
              </para>
            </listitem>      
            <listitem>
              <para>
                       <filename>/chameleon/cwc2/</filename>           (for the CWC2 Service Instance)
              </para>
            </listitem>                   
            <listitem>
              <para>
                       <filename>/ms_tmp/</filename>           
              </para>
            </listitem>                   
          </itemizedlist>
          <para>
                       There are many different ways of going about creating these aliases. For example, in Apache:
          </para>             
          <programlisting>
Alias /chameleon/admin &quot;/ms4w/apps/chameleon/admin/htdocs&quot;
&lt;Directory &quot;/ms4w/apps/chameleon/admin/htdocs/&quot;&gt;
  AllowOverride None
  Options Indexes FollowSymLinks Multiviews 
  Order allow,deny
  Allow from all
&lt;/Directory&gt;

Alias /chameleon/docs &quot;/ms4w/apps/chameleon/docs/html&quot;
&lt;Directory &quot;/ms4w/apps/chameleon/docs/html&quot;&gt;
  AllowOverride None
  Options Indexes FollowSymLinks Multiviews 
  Order allow,deny
  Allow from all
&lt;/Directory&gt;

Alias /chameleon/samples &quot;/ms4w/apps/chameleon/samples/htdocs&quot;
&lt;Directory &quot;/ms4w/apps/chameleon/samples/htdocs&quot;&gt;
  AllowOverride None
  Options Indexes FollowSymLinks Multiviews 
  Order allow,deny
  Allow from all
&lt;/Directory&gt;

Alias /chameleon/cwc2/contexts &quot;/ms4w/apps/chameleon/cwc2/contexts&quot;
&lt;Directory &quot;/ms4w/apps/chameleon/cwc2/contexts&quot;&gt;
  AllowOverride None
  Options Indexes FollowSymLinks Multiviews 
  Order allow,deny
  Allow from all
&lt;/Directory&gt;

Alias /chameleon/cwc2/templates &quot;/ms4w/apps/chameleon/cwc2/templates&quot;
&lt;Directory &quot;/ms4w/apps/chameleon/cwc2/templates&quot;&gt;
  AllowOverride None
  Options Indexes FollowSymLinks Multiviews 
  Order allow,deny
  Allow from all
&lt;/Directory&gt;

Alias /chameleon/cwc2 &quot;/ms4w/apps/chameleon/cwc2/htdocs&quot;
&lt;Directory &quot;/ms4w/apps/chameleon/cwc2/htdocs&quot;&gt;
  AllowOverride None
  Options Indexes FollowSymLinks Multiviews 
  Order allow,deny
  Allow from all
&lt;/Directory&gt;

Alias /chameleon &quot;/ms4w/apps/chameleon/htdocs&quot;
&lt;Directory &quot;/ms4w/apps/chameleon/htdocs&quot;&gt;
  AllowOverride None
  Options Indexes FollowSymLinks Multiviews 
  Order allow,deny
  Allow from all
&lt;/Directory&gt;
          </programlisting> 
          <para>
                       For example, in IIS (assuming that you are using Default Web Site configuration
               with Home Directory specified as <filename>c:\inetpub\wwwroot</filename>):
          </para>
          <programlisting>
Website Location: webroot

Name: chameleon
Virtual Directory Parent: None (site root)
Virtual Directory Name: chameleon
File Path: &lt;drive&gt;:\path\to\chameleon\htdocs
IIS Permission: Default Permissions
IUSR Permissions: read/execute
ie: siteroot\chameleon

Name: admin
Virtual Directory Location: chameleon
Virtual Directory Name: admin
File Path: &lt;drive&gt;:\path\to\chameleon\admin\htdocs
IIS Permission: Default Permissions
IUSR Permissions: read/execute
ie: siteroot\chameleon\admin

Name: docs
Virtual Directory Location: chameleon
Virtual Directory Name: docs
File Path: &lt;drive&gt;:\path\to\chameleon\docs\html
IIS Permission: Default Permissions
IUSR Permissions: read/execute
ie: siteroot\chameleon\docs

Name: samples
Virtual Directory Location: chameleon
Virtual Directory Name: samples
File Path: &lt;drive&gt;:\path\to\chameleon\admin\htdocs
IIS Permission: Default Permissions
IUSR Permissions: read/execute
ie: siteroot\chameleon\samples

Name: cwc2
Virtual Directory Parent: None (site root)
Virtual Directory Name: cwc2
File Path: &lt;drive&gt;:\path\to\chameleon\cwc2\htdocs
IIS Permission: Default Permissions
IUSR Permissions: read/execute
ie: siteroot\cwc2

Name: templates
Virtual Directory Location: cwc2
Virtual Directory Name: templates
File Path: &lt;drive&gt;:\path\to\chameleon\cwc2\templates
IIS Permission: Default Permissions
IUSR Permissions: read/execute
ie: siteroot\cwc2\templates

Name: contexts
Virtual Directory Location: cwc2
Virtual Directory Name: contexts
File Path: &lt;drive&gt;:\path\to\chameleon\cwc2\contexts
IIS Permission: Default Permissions + Write
IUSR Permissions: read/execute
ie: siteroot\cwc2\contexts

Name: ms_tmp
Virtual Directory Parent: None (site root)
Virtual Directory Name: ms_tmp
File Path: &lt;drive&gt;:\path\to\temp_writable_folder\ms_tmp
IIS Permission: Default Permissions
IUSR Permissions: read/write
ie: siteroot\ms_tmp
          </programlisting>
        </listitem>
        <listitem>
          <para>
                       Copy <filename>\config\chameleon.xml-dist</filename> to <filename>\config\chameleon.xml</filename>.
          </para>
        </listitem>
        <listitem>
          <para>          
                       Edit the following properties:
          </para>
          <itemizedlist>
            <listitem>
              <para>
                       <filename>web_server_path</filename>
              </para>         
              <para>
                       This is the URL to <filename>chameleon.php</filename>.  You can use an alias 
                       (e.g., <filename>/chameleon/</filename>) or an absolute URL (i.e., starting with 
                       <filename>http://</filename>). Note: if you use a URL and set it to 
                       <filename>http://localhost/&lt;path-to-chameleon&gt;</filename>, then the app 
                       won't work from remote machines.  As per Step 3, this value would be the 
                       Chameleon Alias/Virtual Directory.
              </para>
            </listitem>
            <listitem>
              <para>
                       <filename>mapscript_module</filename>
              </para>
              <para>
                       Mapscript module name (i.e., <filename>php_mapscript_&lt;version&gt;.dll</filename> ).  
                       For the latest version, visit 
                       <ulink url="http://www.maptools.org/php_mapscript/index.phtml?page=downloads.html">http://www.maptools.org/</ulink> 
                       or <ulink url="http://mapserver.gis.umn.edu/dload.html">http://mapserver.gis.umn.edu</ulink>.
              </para>
            </listitem>
            <listitem>
              <para>
                       <filename>button_cache_path</filename>
              </para>
              <para>
                       Directory in which to write image files generated for buttons.  This directory must be 
                       writable by the Web Server user and Web-accessible.  For performance reasons, this directory 
                       should not be cleaned out automatically.  As per Step 2, this would be 
                       <filename>c:\tmp\ms_tmp\buttons\</filename>.
              </para>         
            </listitem>
            <listitem>
              <para>
                       <filename>button_cache_web_path</filename>
              </para>
              <para>
                       The URL where a browser can find cached button images.  As per Step 2, this would be 
                       <filename>ms_tmp/buttons/</filename>.
              </para>
            </listitem>
            <listitem>
              <para>
                       <filename>tmp_web_path</filename>
              </para>
              <para>
                       The URL where a browser can find temporary files (e.g., images).  As per Step 2, 
                       this would be <filename>ms_tmp/</filename>.
              </para>
            </listitem>
            <listitem>
              <para>
                       <filename>tmp_img_path</filename>
              </para>                        
              <para>
                       Directory where temporary image files are put.  As per Step 2, this would be 
                       <filename>c:\tmp\ms_tmp\</filename>.
              </para>
            </listitem>
          </itemizedlist>
        </listitem>
        <listitem>
          <para>
                       Test your installation now.  Point your browser to 
                       <filename>http://127.0.0.1/&lt;samples&gt;/</filename> and you should get an 
                       index page with links to several different Chameleon applications.
          </para>
        </listitem>
      </orderedlist>
      </sect3>
      <sect3 id="specialn">
        <title>
                       Special Notes and WebServer-Specific Instructions
        </title>
        <para>
                       <emphasis>Apache</emphasis>
        </para>
        <itemizedlist>
          <listitem>
            <para>
                       Note: the <link linkend="usems4w">MS4W</link> installer, which contains an Apache 
                       install, is available.
            </para>
          </listitem>  
        </itemizedlist>  
        <para>
                       <emphasis>IIS</emphasis>
        </para>
        <itemizedlist>
          <listitem>
            <para>
                       It can be challenging to configure IIS to recognize the default 
                       MS4W PHP installation. It is much quicker to grab the PHP installer 
                       (4.3.x) from <ulink url="http://www.php.net">www.php.net</ulink>, 
                       install it at the root of a drive (e.g., <filename>D:\php</filename>), 
                       and allow the installer to perform configuration of IIS. For added 
                       security of multi-site IIS servers, remove the script mapping to 
                       <filename>*.php</filename> from the root server and apply it only 
                       to those sites and/or virtual directories where you need it. 
            </para>
          </listitem>
          <listitem>
            <para>
                       You will most likely have to generate your own mapping for <filename>*.phtml</filename>. 
                       To do this correctly go to the <varname>Properties</varname> page for the site or 
                       virtual directory you wish to add the mapping to, then find the 
                       <varname>Home Directory</varname> tab. Three-quarters of the way down 
                       the resulting dialog is a Configuration Button - click it. Go to the App 
                       Mappings tab and add <filename>*.phtml</filename> (you will be required 
                       to find <filename>php.exe</filename> on the system) and select 
                       <varname>All Verbs</varname>. Do not test to see if the script exists 
                       (if it doesn't, then you're in trouble anyway). 
            </para>
          </listitem>
          <listitem>
            <para>
                       If your application uses PROJ.4 (and it probably does), you may run into 
                       issues with it. If the <filename>PROJ.4</filename> directory cannot be 
                       found in your application, you have to place the <filename>proj</filename> 
                       directory in a <varname>PATH</varname> directory. (There is an 
                       <varname>ENV VAR</varname> that you can place in your MapFile to point 
                       to a PROJ directory other than a <varname>PATH</varname> - consult the 
                       MapServer documentation.) 
            </para>
          </listitem>
          <listitem>
            <para>
                       Note: you can get IIS lockdown from <ulink url="http://www.microsoft.com">http://www.microsoft.com</ulink> 
                       and run the program using the dynamic site template. This tool essentially 
                       removes unwanted script mappings (e.g., <filename>.printer</filename>) 
                       to reduce vulnerability. 
            </para>
          </listitem>
          <listitem>
            <para>
                       Note: Microsoft also has a product called MSBA (Microsoft Baseline Security Analyzer). 
                       This tool allows users to seek vulnerabilities in the configuration of different 
                       components of the OS, including Web Servers. It may seem odd to use an MS product 
                       to detect MS problems, but it could help shed light on things (at the very least). 
            </para>
          </listitem>
        </itemizedlist>  
      </sect3>
    </sect2>  
    <sect2 id="linux">
      <title>
                       Linux
      </title>
      <sect3 id="reqtech-lin">
        <title>
                       Required Technologies
        </title>
        <para>
                       Before installing Chameleon 2.0 on your Linux system, please make sure that you 
                       have the following technologies properly installed.
        </para>
        <table frame='all'>
          <title> 
                       Required Technologies
          </title>
          <tgroup cols='3' align='left' colsep='1' rowsep='1'>
          <tbody>
          <row>
            <entry><emphasis>Technology</emphasis></entry>
            <entry><emphasis>Details</emphasis></entry>          
            <entry><emphasis>Where to Go...</emphasis></entry>
          </row>
          <row>
            <entry>PHP 4.2.3</entry>
            <entry>or greater (see note below)</entry>
            <entry><ulink url="http://www.php.net/downloads.php">http://www.php.net/downloads.php</ulink></entry>
          </row>        
          <row>
            <entry>MapServer/MapScript 4.0</entry>
            <entry>or greater</entry>
            <entry><ulink url="http://www.maptools.org/php_mapscript/">http://www.maptools.org/php_mapscript/</ulink></entry>
          </row>      
          <row>
            <entry>GDAL 1.1.9</entry>
            <entry>or greater</entry>
            <entry><ulink url="http://gdal.maptools.org/index.html">http://gdal.maptools.org/index.html</ulink></entry>
          </row>    
          <row>
            <entry>Apache</entry>
            <entry>or another Web Server</entry>
            <entry><ulink url="http://httpd.apache.org/download.cgi">http://httpd.apache.org/download.cgi</ulink></entry>
          </row>              
          </tbody>
          </tgroup>
        </table>      
        <para>         
                       Note: PHP needs to have both GD (version 2.0 or higher) and FreeType support 
                       (Linkage = with freetype - not with TTF). Typically, this means running 
                       <filename>'configure'</filename> with <filename>--with-gd=&lt;dir&gt; --with-freetype-dir=&lt;dir&gt;</filename>. 
                       The resulting output from running <filename>phpinfo</filename> would include a 
                       GD section like:
        </para>               
        <programlisting>
GD Support           enabled
GD Version           2.0 or higher
FreeType Support     enabled
FreeType Linkage     with freetype
GIF Read Support     enabled
GIF Create Support   enabled
JPG Support          enabled
PNG Support          enabled
WBMP Support         enabled
        </programlisting>      
        <para>
                       From this point on, this guide assumes that you have all required technologies 
                       installed and properly configured.
        </para>
      </sect3>   
      <sect3 id="confmaps">
        <title>
                       MapScript Configuration from Source (Unix)
        </title>
        <para>
                       If you downloaded a set of precompiled binaries (Windows or Solaris), 
                       then follow the instructions for the binary package that you downloaded 
                       and proceed directly to the next section, <link linkend="ccinstall">Chameleon 
                       Core Installation</link>.
        </para>
        <para>
                       Note: these instructions assume that you already have PHP set up with your Web Server.
        </para>
        <itemizedlist>
          <listitem>
            <para>
                       See the following page for detailed MapScript build/install instructions: 
                       <ulink url="http://mapserver.gis.umn.edu/cgi-bin/wiki.pl?PHPMapScript">http://mapserver.gis.umn.edu/cgi-bin/wiki.pl?PHPMapScript</ulink>.
            </para>
          </listitem>
          <listitem>
            <para>
                       Configure MapServer with: 
            </para>
            <itemizedlist>
              <listitem>
                <para>
                       <filename>--with-wmsclient</filename>,
                </para>
              </listitem>
              <listitem>
                <para>
                       <filename>--with-proj</filename>, 
                </para>
              </listitem>
              <listitem>
                <para>                       
                       <filename>--with-php=[your_php_directory]</filename>, and 
                </para>
              </listitem>
              <listitem>
                <para>                       
                       <filename>--with-gdal</filename>, 
                </para>
              </listitem>
            </itemizedlist>  
            <para>
                       as a minimum. 
            </para>
          </listitem>
          <listitem>
            <para>                       
                       <filename>make</filename> MapServer and place the <filename>mapscript/php3/php_mapscript.so</filename> 
                       file in your PHP extensions directory.
            </para>
          </listitem>
          <listitem>
            <para>
                       Create a temporary directory for MapServer to create and publish images.  
                       For example, create <filename>/tmp/ms_tmp/</filename>.
            </para>
          </listitem>
          <listitem>
            <para>
                       Configure your Web Server to be able to access this directory. For example, 
                       create a symlink from <filename>/var/www/html/ms_tmp/</filename> to 
                       <filename>/tmp/ms_tmp/</filename>.
            </para>
            <para>
                       It is recommended that a cron job be created to delete the contents of this 
                       directory on a regular basis (hourly or daily, depending on usage).
            </para>
          </listitem>
        </itemizedlist>
      </sect3>
      <sect3 id="ccinstall">
        <title>
                       Chameleon Core Installation
        </title>
        <itemizedlist>
          <listitem>
            <para>
                       Extract the <filename>chameleon_[VERSION].tar.gz</filename> file on the server.
                       These instructions are written as if this was in <filename>/opt/</filename>.  
                       This creates a <filename>chameleon_[VERSION]</filename> directory. 
                       Rename it to be <filename>chameleon/</filename>. You should have the 
                       following subdirectories:
            </para>
            <itemizedlist>
              <listitem>
                <para>
                       <filename>chameleon/</filename>
                </para>      
              </listitem>
              <listitem>
                <para>
                       <filename>chameleon/config</filename>
                </para>      
              </listitem>
              <listitem>
                <para>                       
                       <filename>chameleon/data</filename>
                </para>      
              </listitem>
              <listitem>
                <para>
                       <filename>chameleon/htdocs</filename>
                </para>      
              </listitem>
              <listitem>
                <para>
                       <filename>chameleon/htdocs/common</filename>
                </para>      
              </listitem>
              <listitem>
                <para>
                       <filename>chameleon/htdocs/images</filename>
                </para>      
              </listitem>
              <listitem>
                 <para>
                       <filename>chameleon/htdocs/widgets</filename>
                 </para>      
              </listitem>
            </itemizedlist>
          </listitem>  
          <listitem>
            <para>
                       Configure your Web Server to be able to access <filename>/opt/chameleon/htdocs/</filename>. 
                       For example, create a symlink from <filename>/var/www/html/chameleon/</filename> 
                       to <filename>/opt/chameleon/htdocs/</filename>.
            </para>
          </listitem>
          <listitem>
            <para>
                       Make sure directory <filename>chameleon/data</filename> is writable by the 
                       Web user.  This is where cached capabilities and other temporary information 
                       are stored for the duration of a user's session.
            </para>
          </listitem>
          <listitem>
            <para>
                       Copy the file <filename>config/cwc2.xml-dist</filename> under the name 
                       <filename>cwc2.xml</filename> and edit it to suit your local settings 
                       (the Web-based interface is not ready). These settings are most likely 
                       to need changing:
            </para>
            <table frame='all'>
              <title>
                       Local Settings
              </title>
              <tgroup cols='2' align='left' colsep='1' rowsep='1'>
              <tbody>
              <row>
                <entry><emphasis>Setting</emphasis></entry>          
                <entry><emphasis>Change to</emphasis></entry>
              </row>
              <row>
                <entry><varname>app_path</varname></entry>          
                <entry><filename>/opt/chameleon/htdocs/</filename></entry>
              </row>    
              <row>
                <entry><varname>server_data_path</varname></entry>          
                <entry><filename>/opt/chameleon/data</filename></entry>
              </row>    
              <row>
                <entry><varname>wms_parse_file</varname></entry>          
                <entry><filename>/opt/chameleon/htdocs/common/wmsparse/wmsparse</filename></entry>
              </row>    
              <row>
                <entry><varname>default_template</varname></entry>          
                <entry>path or URL to a user interface template file</entry>
              </row>    
              <row>
                <entry><varname>default_context</varname></entry>          
                <entry>path or URL to a context file that should be loaded by default</entry>
              </row>                  
              <row>
                <entry><varname>mapscript_module</varname></entry>          
                <entry><filename>php_mapscript.so</filename></entry>
              </row>    
              <row>
                <entry><varname>tmp_*_path</varname></entry>          
                <entry><filename>/tmp/ms_tmp/</filename></entry>
              </row>     
              <row>
                <entry><varname>tmp_web_*_path</varname></entry>          
                <entry><filename>/ms_tmp/</filename></entry>
              </row>                   
              </tbody>
              </tgroup>
            </table>      
          </listitem>
        </itemizedlist>
      </sect3>
    </sect2>  
    <sect2 id="wmsparse">
      <title>
                       WMSPARSE
      </title>
      <para>
                       WMSPARSE is an optional WMS capabilities parser.  Chameleon can use a 
                       PHP-based parser if WMSPARSE is not available, but doing so is much 
                       slower and can timeout on large capabilities documents.  To install 
                       WMSPARSE, follow the instructions for your platform/configuration below. 
                       You also need to make sure that the WMSPARSE setting in your 
                       <filename>chameleon.xml</filename> file is set to point at the correct 
                       executable file, otherwise the slower parser will be used. 
                       (This will be discussed in the upcoming &quot;Chameleon Administrator's Guide&quot; 
                       document, which has yet to be developed.)
      </para>
      <para>
                       <emphasis>Windows WMSPARSE Install</emphasis>
      </para>               
      <para>
                       If installing on Windows, then Chameleon already comes with <filename>WMSPARSE.EXE</filename> 
                       pre-installed in the Chameleon directories.
      </para>               
      <para> 
                       <emphasis>WMSPARSE Install from Source</emphasis>
      </para>
      <para>
                       If you are installing from source, then you have to compile WMSPARSE and,  
                       for this, you need libxml2 installed. Then you can do the following:
      </para>
      <programlisting>
cd /opt/chameleon/htdocs/common/wmsparse/
make
      </programlisting>
      <para>
                       <emphasis>Precompiled WMSPARSE Install</emphasis>
      </para>
      <para>
                       If you installed a precompiled MapServer binary package, then it may have come 
                       with a <filename>'wmsparse'</filename> already compiled. Simply copy it to the 
                       CWC2 directory and make sure it is executable:
      </para>
      <programlisting>
cp /opt/mapserver/bin/wmsparse /opt/chameleon/htdocs/common/wmsparse/
chmod +x /opt/chameleon/htdocs/common/wmsparse/wmsparse
      </programlisting>
      <para>
                      (The above lines assume that you installed the MapServer binary package 
                      under <filename>/opt/mapserver</filename>.)
      </para> 
    </sect2>
  </sect1>
  <sect1 id="moreinfo">
    <title>
                        For More Information
    </title>
    <para>
                        If you were unable to answer all the questions you had about the s
                        ubject of this document, other possible methods of obtaining information include:
    </para>
    <itemizedlist>
      <listitem>
        <para>
                        There are several other Chameleon 2.0 documents that can be found on the 
                        <ulink url="http://www.maptools.org/chameleon/index.phtml?page=docs.html">Chameleon Documentation</ulink> 
                        page (including some that are referenced in this document). Please look through these 
                        documents for answers to your questions.
        </para>
      </listitem>
      <listitem>
        <para>
                        You can pose a question on the Chameleon Mailing List and other members of the 
                        Community might be able to help you. In fact, 
                        <ulink url="http://lists.maptools.org/search.phtml?config=chameleon">searching 
                        the mailing list archive</ulink> can often lead to the necessary information 
                        without having to pose a new question. To sign up to be a part of the mailing list, 
                        please visit <ulink url="http://lists.maptools.org/mailman/listinfo/chameleon">here</ulink>.
        </para>
      </listitem>  
      <listitem>
        <para>
                        If you find what you believe to be a bug in Chameleon 2.0, please submit it to the 
                        <ulink url="http://www.maptools.org/bugzilla/"> public Bugzilla repository</ulink>. 
                        This is by far the quickest way to get a bug in the product addressed.  The mailing 
                        list should <emphasis>not</emphasis> be used for reporting bugs.
        </para>
      </listitem>        
    </itemizedlist>  
  </sect1>  
  <sect1 id="docinfo">
    <title>
                        About this Document
    </title>
        <sect2 id="rhistory">
            <title>Revision History</title>
                <para>The numbering is in parallel with the revision control
                      system. Missing numbers indicate minor maintenance revision updates.
                </para>
                <para>
                <revhistory>
                  <revision>
                    <revnumber>Number: 1.6</revnumber>
                    <date>Date: 2004/12/22</date>
                    <authorinitials>Author: Jason Fournier</authorinitials>
                    <revremark>minor changes</revremark>
                  </revision>                  
                  <revision>
                    <revnumber>Number: 1.5</revnumber>
                    <date>Date: 2004/12/20</date>
                    <authorinitials>Author: Jeff McKenna</authorinitials>
                    <revremark>minor changes and formatting</revremark>
                  </revision>                 
                  <revision>
                    <revnumber>Number: 1.4</revnumber>
                    <date>Date: 2004/11/13</date>
                    <authorinitials>Author: Darren Redfern</authorinitials>
                    <revremark>further changes based on (JF's) review comments</revremark>
                  </revision> 
                  <revision>
                    <revnumber>Number: 1.3</revnumber>
                    <date>Date: 2004/11/13</date>
                    <authorinitials>Author: Darren Redfern</authorinitials>
                    <revremark>further changes based on review comments</revremark>
                  </revision>                   
                  <revision>
                    <revnumber>Number: 1.2</revnumber>
                    <date>Date: 2004/11/12</date>
                    <authorinitials>Author: Darren Redfern</authorinitials>
                    <revremark>changes based on review comments</revremark>
                  </revision>
                  <revision>
                    <revnumber>Number: 1.1</revnumber>
                    <date>Date: 2004/11/11</date>
                    <authorinitials>Author: Darren Redfern</authorinitials>
                    <revremark>first draft complete</revremark>
                  </revision>                   
                  <revision>
                    <revnumber>Number: 1.01</revnumber>
                    <date>Date: 2004/08/22</date>
                    <authorinitials>Author: Darren Redfern</authorinitials>
                    <revremark>initial compilation in DocBook</revremark>
                  </revision>                   
                  <revision>
                    <revnumber>Number: 1.00</revnumber>
                    <date>Date: 2004/08/20</date>
                    <authorinitials>Author: Paul Spencer</authorinitials>
                    <revremark>original text-only version</revremark>
                  </revision>      
                </revhistory>
                </para>
        </sect2>    
    <sect2 id="copyright">
      <title>
                        Copyright/Licensing Information</title>
      <para>
                        Copyright (c) 2004, Paul Spencer, DM Solutions Group Inc.
      </para>
      <para>
                    Permission is hereby granted, free of charge, to any person obtaining a copy of 
                    this software and associated documentation files (the "Software"), to deal in 
                    the Software without restriction, including without limitation the rights to 
                    use, copy, modify, merge, publish, distribute, sublicense, and/or sell copies 
                    of the Software, and to permit persons to whom the Software is furnished to do 
                    so, subject to the following conditions:
      </para>
      <para>
                    The above copyright notice and this permission notice shall be included in all 
                    copies or substantial portions of the Software.
      </para>
      <para>
                    THE SOFTWARE IS PROVIDED "AS IS", WITHOUT WARRANTY OF ANY KIND, EXPRESS OR IMPLIED, 
                    INCLUDING BUT NOT LIMITED TO THE WARRANTIES OF MERCHANTABILITY, FITNESS FOR A 
                    ARTICULAR PURPOSE AND NONINFRINGEMENT. IN NO EVENT SHALL THE AUTHORS OR COPYRIGHT 
                    HOLDERS BE LIABLE FOR ANY CLAIM, DAMAGES OR OTHER LIABILITY, WHETHER IN AN ACTION 
                    OF CONTRACT, TORT OR OTHERWISE, ARISING FROM, OUT OF OR IN CONNECTION WITH THE 
                    SOFTWARE OR THE USE OR OTHER DEALINGS IN THE SOFTWARE.
      </para>
    </sect2>
    <sect2 id="feedback">
      <title>
                        Feedback
      </title>
      <para>
            Input is appreciated.  Send any
            comments or suggestions to the Chameleon Users mailing list at 
            <ulink url="http://lists.maptools.org/mailman/listinfo/chameleon">http://lists.maptools.org/mailman/listinfo/chameleon</ulink>.
      </para>
    </sect2>
  </sect1>  
</article>      