<?xml version="1.0" standalone="no"?>
<!DOCTYPE article PUBLIC "-//OASIS//DTD DocBook XML V4.1.2//EN"
          "http://mapserver.gis.umn.edu/mdp/docbkx412/docbookx.dtd">
<article>
  <articleinfo>
    <title>CWC2 Service Instance - version 2.0</title>
    <author>
      <firstname>Paul</firstname>
      <surname>Spencer</surname>
      <affiliation>
        <orgname>DM Solutions Group Inc.</orgname>
        <address>
          <email>pspencer@dmsolutions.ca</email>
        </address>
      </affiliation>
    </author>
    <editor>
      <firstname>Darren</firstname>
      <surname>Redfern</surname>
    </editor>
    <date>2004/08/20</date>
    <abstract>
      <para>
                       This document describes the CWC2 Service Instance as implemented for Chameleon 2.0, as well as how to use it with your Chameleon application.
      </para>
      <para>Last Updated: 2005/01/11</para>
      <para>
          <link linkend="rhistory">Revision History</link>
      </para>        
    </abstract>
  </articleinfo>
  <sect1 id="intro">
    <title>
                       Introduction
    </title>
    <para>
                       This document is intended to help install the CWC2 Service Instance for Chameleon 2.0, configure it, and help you use it. If, after thoroughly reading this document and trying out its instructions, you have further Service Instance questions, please refer to the <link linkend="moreinfo">For More Information</link> section.
    </para>
    <sect2 id="whatis">
      <title>
                       What is the CWC2 Service Instance?
      </title>
      <para>
                       The CWC2 Service Instance is an Internet-accessible service that can interpret a Chameleon Application Template and load a Context to create a fully interactive Web mapping application. If you have access to a Service Instance running on a remote server, then you can invoke and control a Chameleon Application without having to have Chameleon installed on your local machine - all you need to supply is a Template and a Context. (In fact, those two files can be on different machines as well, so long as you can properly reference them.)
      </para>
    </sect2>  
  </sect1>  
  <sect1 id="settingup">
    <title>
                       Set Up and Installation
    </title>
    <sect2 id="config">
      <title>
                       Configuration File Changes
      </title>
      <para>
                       There have been some changes in the way configuration files are set up with recent versions of Chameleon. If you have a version of Chameleon installed that is earlier than Chameleon 1.99 beta 2, then the following instructions might be relevant to you. If you are installing your first version of Chameleon and/or are using the MS4W utility, then you don't need to worry about these changes.
      </para>
      <para>
                       Previous to Chameleon 1.99 beta 1, the configuration file was called <filename>cwc2.xml</filename> (for historical reasons, since Chameleon was originally called CWC2).  It contained, amongst all the other configuration values, several parameters that were only really needed by the service. In more recent versions, the configuration file has been split into two separate files, <filename>chameleon.xml</filename> and <filename>cwc2.xml</filename>.  The splitting process resulted in the removal of some completely unnecessary elements, the adding of new parameters, and changing the names of some elements.
      </para>
      <para>
                       <emphasis>It is not sufficient to rename your old <filename>cwc2.xml</filename> file to <filename>chameleon.xml</filename>.</emphasis> You <emphasis>must</emphasis> start from the xml-dist versions of these files. You may find that you can copy some settings from your previous <filename>cwc2.xml</filename> file into the appropriate place in either <filename>chameleon.xml</filename> or the new <filename>cwc2.xml</filename>, but you cannot just do a blind copy.
      </para>
      <para>
                       If, after you install the Service Instance, you are having problems running it, you may wish to check that you have your configuration files properly named.
      </para>
    </sect2>
    <sect2 id="install">
      <title>
                       Installing the CWC2 Service Instance
      </title>
      <para>
                       There really is little or no extra work to do to install the CWC2 Service Instance, since it is installed with the main Chameleon 2.0 package by default. Simply follow the installation instructions found in the &quot;Chameleon 2.0 Installation Guide&quot;.
      </para>  
      <para>
                       However, to access the installed Service Instance, you need to adjust your system configuration and edit the Service Instance configuration file to reflect your system's configuration.
      </para>
      <para>
                       Note: the Service Instance requires a properly installed and configured Chameleon package. Please follow the Chameleon installation instructions carefully and ensure that Chameleon is fully functional before attempting to configure the Service Instance.
      </para>
    </sect2>
    <sect2 id="sysconfig">
      <title>
                       System Configuration
      </title>
      <para>
                       You need to configure your Web Server to grant access to at least one directory in the Service Instance.  Granting access to two other directories is optional. The following table is a suggested configuration:
      </para>
      <table frame='all'>
        <title>
                       System Configuration
        </title>
        <tgroup cols='3' align='left' colsep='1' rowsep='1'>
        <tbody>
        <row>
          <entry><emphasis>URL</emphasis></entry>
          <entry><emphasis>Required?</emphasis></entry>
          <entry><emphasis>Path</emphasis></entry>
        </row>
        <row>
          <entry><filename>http://{myserver}/cwc2</filename></entry>
          <entry>YES</entry>
          <entry><filename>{install-path}/chameleon/cwc2/htdocs/</filename></entry>
        </row> 
        <row>
          <entry><filename>http://{myserver}/templates</filename></entry>
          <entry>NO</entry>
          <entry><filename>{install-path}/chameleon/cwc2/templates/</filename></entry>
        </row> 
        <row>
          <entry><filename>http://{myserver}/contexts</filename></entry>
          <entry>NO</entry>
          <entry><filename>{install-path}/chameleon/cwc2/contexts/</filename></entry>
        </row>         
        </tbody>
        </tgroup>
      </table>
    </sect2>
    <sect2 id="siconfig">
      <title>
                       Service Instance Configuration
      </title>
      <para>
                       Make a copy of the <filename>cwc2.xml-dist</filename> file found in the <filename>{install-path}/chameleon/config</filename> folder and name it <filename>cwc2.xml</filename>.  You need to edit at least some of the settings found in this file. It is recommended that you use the Chameleon Administration tool provided to do these edits. (See the &quot;Chameleon Adminstrator's Guide&quot; for details.) 
      </para>
      <para>
                       Each configuration item is described within the XML document but, as a minimum, you should review the following items:
      </para>
      <table frame='all'>
        <title>
                       Service Instance Configuration
        </title>
        <tgroup cols='2' align='left' colsep='1' rowsep='1'>
        <tbody>
        <row>
          <entry><emphasis>Config Item</emphasis></entry>
          <entry><emphasis>Set to...</emphasis></entry>
        </row>
        <row>
          <entry>service_instance_path</entry>
          <entry>URL to Service Instance htdocs folder (from above)</entry>
        </row>   
        <row>
          <entry>server_data_path</entry>
          <entry><filename>{install-path}/chameleon/cwc2/data</filename></entry>
        </row>     
        <row>
          <entry>default_context</entry>
          <entry><filename>{install-path}/chameleon/cwc2/contexts/world_context.xml</filename></entry>
        </row>     
        <row>
          <entry>default_template</entry>
          <entry><filename>{install-path}/chameleon/cwc2/templates/sample_cwc2.html</filename></entry>
        </row>     
        <row>
          <entry>context_root</entry>
          <entry><filename>{install-path}/chameleon/cwc2/contexts/</filename></entry>
        </row>     
        <row>
          <entry>template_root</entry>
          <entry><filename>{install-path}/chameleon/cwc2/templates</filename></entry>
        </row>     
        <row>
          <entry>fontlist_file</entry>
          <entry><filename>{install-path}/chameleon/cwc2/etc/fonts.txt</filename></entry>
        </row>     
        <row>
          <entry>symbol_file</entry>
          <entry><filename>{install-path}/chameleon/cwc2/etc/symbols.sym</filename></entry>
        </row>             
        </tbody>
        </tgroup>
      </table>
    </sect2>
    <sect2 id="testing">
      <title>
                       Testing the Service Instance
      </title>
      <para>
                       Assuming that the above configuration is implemented correctly, the Service Instance should now be fully functional.  You can test the Service Instance by connecting to the following URL:
      </para>
      <programlisting>
http://{myserver}/cwc2/cwc2.php
      </programlisting>
      <para>
                       You should receive the following message:
      </para>
      <programlisting> 
request URI was http://{myserver}/cwc2/cwc2.php
query string was
Missing mandatory SERVICE parameter
      </programlisting>
      <para>
                       This error message means that the Web Server is correctly providing access to the Service Instance (but that you haven't supplied all the needed information to launch an application).
      </para>
      <para>
                       Normally, the Service Instance is configured to provide a default application and context.  If you followed the instructions above, you can access the default application and context by connecting to the following URL:
      </para>
      <programlisting>
http://{myserver}/cwc2/cwc2.php?service=VCG&amp;version=0.1.0&amp;request=GetApplication
      </programlisting>
      <para>
                       Please read the <link linkend="usersg">Users Guide</link> section below to find out more about communicating with and using the features of the Service Instance.
      </para>
    </sect2>
    <sect2 id="help">
      <title>
                       Getting Further Help
      </title>
      <para>
                       The CWC2 Service Instance is part of the Chameleon 2.0 package available from <ulink url="http://www.maptools.org">http://www.maptools.org</ulink>.  Please visit the Chameleon Web site at <ulink url="http://www.maptools.org/chameleon">http://www.maptools.org/chameleon</ulink> to access information about using Bugzilla (to report bugs) and the Chameleon users mailing list (to ask questions).
      </para>
    </sect2>
  </sect1>  
  <sect1 id="usersg">
    <title>
                       Users Guide
    </title>
    <sect2 id="started">
      <title>
                       Getting Started
      </title>
      <para>
                       Please refer to the <link linkend="settingup">Set Up and Installation</link> section for instructions on getting your Service Instance installed and tested. This section assumes that you have a fully functional and correctly configured Service Instance.
      </para>
      <sect3 id="basic">
        <title>
                       Basic Concepts
        </title>
        <para>
                       The Chameleon Service Instance is an application built on top of the Chameleon engine that allows application developers to create Web mapping applications by creating an Application Template and a Web Map Context document. It will only work with WMS layers.
        </para>
        <para>
                       The Chameleon Service Instance is a Web service that can be invoked by clients using only a Web browser - they do not necessarily have to have any of the Chameleon engine running on their local machine (so long as it <emphasis>is</emphasis> running on the machine providing the service). The Service Instance is invoked through a specially-constructed URL which contains pointers (parameters) to an Application Template and a context. (There are examples of these URLs throughout this document.)
        </para>
      </sect3>  
      <sect3 id="servexc">
        <title>
                       Service Exceptions
        </title>
        <para>
                       A service exception describes the result of an error that happens in the CWC2 Service Instance.  The CWC2 Service Instance is designed to capture internal errors and report them in a standard, machine-parsable way using structured XML documents.  Whenever an error is trapped internally, CWC2 generates and returns a service exception instead of the requested application.  The intention is to provide sufficient information to the user to allow for troubleshooting of the problem that caused the service exception to be triggered.  Service exceptions can happen at any time and for a wide variety of reasons.
        </para>
        <para>
                       For an example of a service exception, see the <link linkend="testing">Testing the Service Instance</link> section. 
        </para>
      </sect3>
      <sect3 id="commonrp">
        <title>
                       Common Invocation Parameters
        </title>
        <para>
                       This section describes parameters that are common to, and mandatory in, every invocation of the Service Instance. Valid values for these parameters depend on how the service instance is being invoked and are described in the Supported REQUESTs section below.
        </para>
        <para>
                       <emphasis><varname>REQUEST</varname></emphasis>
        </para>
        <para>
                       The <varname>REQUEST</varname> parameter indicates which operation is being invoked and its value is one of the names of the operations supported by the Service Instance.
        </para> 
        <para>
                       <emphasis><varname>VERSION</varname></emphasis>
        </para>
        <para>
                       The <varname>VERSION</varname> parameter indicates the protocol version number to be used.
        </para>
        <para>
                       <emphasis><varname>SERVICE</varname></emphasis>
        </para>
        <para>
                       The <varname>SERVICE</varname> parameter indicates the service that is being requested. Some Web services can be configured to provide multiple services through the same base URL.  In the case of CWC2, this is not yet possible. However, this parameter is provided for compatibility with existing services and for possible future requirements.
        </para>  
        <para>
                       <emphasis>Example URL</emphasis>
        </para>
        <para>
                       The following is the most basic valid URL to invoke a Service Instance, using all three of the above required parameters:
        </para>
        <programlisting>
http://localhost/chameleon/cwc2/cwc2.php?service=VCG&amp;version=0.1.0&amp;request=GetApplication
        </programlisting>
      </sect3>
    </sect2>
    <sect2 id="supreq">
      <title>
                       Supported <varname>REQUEST</varname>s
      </title>
      <para>
                       The CWC2 Service Instance supports two <varname>REQUEST</varname>s, described below.
      </para>
      <sect3 id="getcap">
        <title>
                       <varname>GetCapabilities</varname>
        </title>
        <para>
                       Note: the GetCapabilities <varname>REQUEST</varname> is not implemented for Chameleon 2.0.
        </para>
        <para>
                       The purpose of the <varname>GetCapabilities</varname> operation is to describe the operating parameters of a particular Service Instance so that clients can use the service in an effective manner.
        </para>
        <para><emphasis>Request Parameters</emphasis></para>
        <para>
                       The <varname>GetCapabilities</varname> operation has three mandatory parameters: <varname>SERVICE</varname>, <varname>REQUEST</varname>, and <varname>VERSION</varname>, described in the following table:
        </para>
        <table frame='all'>
          <title>
                       <varname>GetCapabilities</varname> Request Parameters
          </title>
          <tgroup cols='3' align='left' colsep='1' rowsep='1'>
          <tbody>
          <row>
            <entry><emphasis>Parameter</emphasis></entry>
            <entry><emphasis>Required/Optional</emphasis></entry>
            <entry><emphasis>Description</emphasis></entry>
          </row>
          <row>
            <entry><varname>SERVICE=VCG</varname></entry>
            <entry>Required</entry>
            <entry>Service name, must be VCG</entry>
          </row>    
          <row>
            <entry><varname>REQUEST=GetCapabilities</varname></entry>
            <entry>Required</entry>
            <entry>Request name, must be GetCapabilities</entry>
          </row>    
          <row>
            <entry><varname>VERSION={version}</varname></entry>
            <entry>Required</entry>
            <entry>Supported protocol version number</entry>
          </row>    
          </tbody>
          </tgroup>
        </table>
        <para>
                       Please see the <link linkend="commonrp">Common Invocation Parameters</link> section above for details on the above parameters.
        </para>
        <para>
                       <emphasis>Response</emphasis>
        </para>
        <para>
                       The response to the <varname>GetCapabilities</varname> request is an XML document. This feature is not yet implemented, but will be in a future version.
        </para>  
        <para>
                       <emphasis>Example URL</emphasis>
        </para>
        <para>
                       Once the <varname>GetCapabilities</varname> request is operational, the following URL would retrieve the capabilities information:
        </para>
        <programlisting>
http://localhost/chameleon/cwc2/cwc2.php?service=VCG&amp;version=0.1.0&amp;request=GetCapabilities
        </programlisting>        
      </sect3>
      <sect3 id="getapp">
        <title>
                       <varname>GetApplication</varname>
        </title>
        <para>
                       The purpose of the <varname>GetApplication</varname> operation is to generate a client application based on the parameters provided when invoking the service.
        </para>
        <para>
                       <emphasis>Request Parameters</emphasis>
        </para>
        <para>
                       The <varname>GetApplication</varname> operation has three mandatory parameters and six optional parameters, which are described in the following table:
        </para>
        <table frame='all'>
          <title>
                       <varname>GetApplication</varname> Request Parameters
          </title>
          <tgroup cols='3' align='left' colsep='1' rowsep='1'>
          <tbody>
          <row>
            <entry><emphasis>Parameter</emphasis></entry>
            <entry><emphasis>Required/Optional</emphasis></entry>
            <entry><emphasis>Description</emphasis></entry>
          </row>
          <row>
            <entry><varname>SERVICE=VCG</varname></entry>
            <entry>Required</entry>
            <entry>Service name, must be VCG</entry>
          </row>    
          <row>
            <entry><varname>REQUEST=GetApplication</varname></entry>
            <entry>Required</entry>
            <entry>Request name, must be GetApplication</entry>
          </row>    
          <row>
            <entry><varname>VERSION={version}</varname></entry>
            <entry>Required</entry>
            <entry>Supported protocol version number</entry>
          </row>    
          <row>
            <entry><varname>LANGUAGES={list}</varname></entry>
            <entry>Optional</entry>
            <entry>A list of languages</entry>
          </row>       
          <row>
            <entry><varname>TEMPLATES={list}</varname></entry>
            <entry>Optional</entry>
            <entry>A list of application template paths or URLs</entry>
          </row>       
          <row>
            <entry><varname>CONTEXTS={list}</varname></entry>
            <entry>Optional</entry>
            <entry>A list of context paths or URLs</entry>
          </row>       
          <row>
            <entry><varname>LANGUAGE={lang}</varname></entry>
            <entry>Optional</entry>
            <entry>The language to display</entry>
          </row>       
          <row>
            <entry><varname>BBOX={list}</varname></entry>
            <entry>Optional</entry>
            <entry>A comma-separated list of coordinates that describe the initial spatial extents                                   to be displayed to the user</entry>
          </row>                 
          <row>
            <entry><varname>SRS={srs}</varname></entry>
            <entry>Optional</entry>
            <entry>A spatial reference system (must be a valid EPSG code) to be used for the initial map                                    view.</entry>
          </row>                           
          </tbody>
          </tgroup>
        </table>
        <para>
                       Please see the <link linkend="commonrp">Common Invocation Parameters</link> section above for details on the required parameters.
        </para>
        <para>
                       <emphasis><varname>LANGUAGES</varname></emphasis>
        </para>
        <para>
                       A list of language specifiers separated by commas. Languages are specified in the form of a two-character (lowercase) language code followed by a dash and then a two-character (uppercase) country code (e.g., <varname>en-CA</varname>). Service Instances list supported languages in the capabilities document. Unsupported languages may be requested, but the Service Instance uses the default language in these case. In addition, if the <varname>LANGUAGE</varname> parameter is not set, the default language (set in the Service Instance configuration file) is used.
        </para>
        <para>
                       This parameter is optional unless <varname>TEMPLATES</varname> parameter is set, in which case it becomes mandatory.
        </para>
        <para>
                       <emphasis><varname>TEMPLATES</varname></emphasis>
        </para>
        <para>
                       A list of application template paths or URLs separated by commas. A template is identified either by a relative (to the template root directory specified in the Service Instance configuration) path on the server or by a URL to a Web-accessible template. The templates are listed in the same order as their related language specifiers in the <varname>LANGUAGES</varname> parameter, with one template required for each supported language (even if the same template supports every language).  URLs must be in the standard http://{server}/path/template.html format and must be URL-encoded.
        </para>
        <para>
                       <emphasis>Example URL</emphasis>
        </para>
        <para>
                       The following URL could be used to support a bilingual application using remote context files:
        </para>
        <programlisting>
http://localhost/chameleon/cwc2/cwc2.php?
    service=VCG
    &amp;version=0.1.0
    &amp;request=GetApplication
    &amp;LANGUAGES=en-CA,fr-CA
    &amp;TEMPLATES=http://localhost/chameleon/cwc2/templates/sample_cwc2_en.html,
          http://localhost/chameleon/cwc2/templates/sample_cwc2_fr.html
        </programlisting>                
        <para>
                       This parameter is optional unless <varname>LANGUAGES</varname> is set, in which case it becomes mandatory. The Service Instance defines a default template in its configuration file.
        </para>
        <para>
                       <emphasis><varname>CONTEXTS</varname></emphasis>
        </para>
        <para>
                       A list of Web map context paths or URLs separated by commas.  A context is identified either by a relative (to a directory specified in the Service Instance configuration) path on the server or a URL to a Web-accessible context. The contexts are loaded in the order in which they appear in this list, and the projection and spatial extents are taken from the last context loaded (see <link linkend="commprob">Common Problems</link> below). The order of these contexts determines the order in which the layers of each context are drawn. Layers from the first context in the list are drawn first, layers from later contexts are drawn 'on top' of earlier ones. URLs must be in the standard <filename>http://{server}/path/template.html</filename> format and must be URL-encoded.
        </para>
        <para>
                       <emphasis>Example URL</emphasis>
        </para>
        <para>
                       The following URL could be used to get multiple remote contexts while using the default template and language:
        </para>
        <programlisting>
http://localhost/chameleon/cwc2/cwc2.php?
    service=VCG
    &amp;version=0.1.0
    &amp;request=GetApplication
    &amp;LANGUAGES=en-CA,fr-CA
    &amp;TEMPLATES=http://localhost/chameleon/cwc2/templates/sample_cwc2_en.html,
          http://localhost/chameleon/cwc2/templates/sample_cwc2_fr.html
        </programlisting>                
        <para>
                       This parameter is optional. The Service Instance defines a default value context in its configuration file.
        </para>
        <para>
                       <emphasis><varname>LANGUAGE</varname></emphasis>
        </para>
        <para>
                       The language to use to display the application.  This causes one of the templates to be selected from those specified as available in the <varname>TEMPLATES</varname> parameter. Typically, this parameter only needs to be used when a non-default language is being requested.
        </para> 
        <para>
                       This parameter is optional. The Service Instance defines a default value in its configuration file.
        </para>
        <para>
                       <emphasis><varname>BBOX</varname></emphasis>
        </para>
        <para>
                       The <varname>BBOX</varname> provides a mechanism to define a different set of initial spatial extents than the default. By default, the Service Instance uses the extents defined in the last context opened. This may not be appropriate in all cases, especially when providing multiple contexts. The format for this parameter is a comma-separated list of values in the following order:
        </para>
        <programlisting>
BBOX={MINX},{MINY},{MAXX},{MAXY}
        </programlisting>
        <para>
                       The values are specified in georeferenced coordinates and depend on the spatial reference system of the initial view.
        </para>
        <para>
                       <emphasis><varname>SRS</varname></emphasis>
        </para>
        <para>
                       The <varname>SRS</varname> provides a mechanism to define a different spatial reference system than the default. By default, the Service Instance uses the <varname>SRS</varname> defined in the last context opened. This may not be appropriate in all cases, especially when providing multiple contexts. This parameter must use EPSG codes in the following format:
        </para>
        <programlisting>
SRS=EPSG:XXXXX
        </programlisting>
      <para>
                       <emphasis>Example URL</emphasis>
      </para>
      <para>
                       The following URL could be used to get a fully remote, bilingual application using multiple contexts, and defining an <varname>SRS</varname> and <varname>BBOX</varname>:
      </para>
      <programlisting>
http://localhost/chameleon/cwc2/cwc2.php?
    service=VCG
    &amp;version=0.1.0
    &amp;request=GetApplication
    &amp;LANGUAGES=en-CA,fr-CA
    &amp;TEMPLATES=http://localhost/chameleon/cwc2/templates/sample_cwc2_en.html,
          http://localhost/chameleon/cwc2/templates/sample_cwc2_fr.html
    &amp;SRS=epsg:4326
    &amp;BBOX=-180,-90,180,90
    &amp;CONTEXTS=http://localhost/chameleon/cwc2/contexts/world_context.xml,
          http://localhost/chameleon/cwc2/contexts/gmap_context.xml
      </programlisting> 
      </sect3>
    </sect2>
    <sect2 id="commprob">
      <title>
                       Common Problems
      </title>
      <sect3 id="paths">
        <title>
                       Paths to <varname>TEMPLATES</varname> and <varname>CONTEXTS</varname>
        </title>
        <para>
                       When specifying a template or a context, you must do so in relation to the Service Instance server.  This means that if the context or template that you wish to access is on the Service Instance server, then it must reside in the Service Instances defined template directory or context directory (or a subdirectory of these directories). If the context or template is not on the Service Instance server, then you must refer to it using a valid URL. It is very important to note that the URL will be opened from the Service Instance server, so a URL that refers to localhost:
        </para>
        <programlisting>
http://localhost/mytemplates/app1.html
        </programlisting>
        <para>
                       most likely will NOT work.  This is because the Service Instance, when it tries to open this URL, will be pointing to itself - most likely not the situation you intended.
        </para>
      </sect3>
      <sect3 id="multcon">
        <title>
                       Multiple <varname>CONTEXTS</varname> appear wrong
        </title>
        <para>
                       When specifying multiple <varname>CONTEXTS</varname>, the Service Instance loads them sequentially and uses the <varname>BBOX</varname> and <varname>SRS</varname> defined in the last context it loads. It is quite possible that the <varname>BBOX</varname> and <varname>SRS</varname> in the last context you want to load are not valid for <emphasis>all</emphasis> the contexts that you are trying to load.  For example, if you try to load the <filename>world_context.xml</filename> and the <filename>gmap_context.xml</filename> contexts (in that order) that come with the Service Instance, the world data is displayed in LCC projection and does not appear to 'line up' with the gmap data.  The problem is that the LCC projection is invalid for extents beyond Canada.  To fix this problem, you can manually provide a <varname>BBOX</varname> and <varname>SRS</varname> as part of the request.  In this case, changing the <varname>SRS</varname> to <varname>EPSG:4326</varname> displays everything correctly.
        </para>
      </sect3>
    </sect2>
    <sect2 id="limits">
      <title>
                       Limitations
      </title>
      <para>
                       The CWC2 Service Instance only works with data that is accessible via WMS.
      </para>
      <para>
                       The CWC2 Service Instance does not allow applications to define and access custom widgets, unless they are installed in the Chameleon instance that the CWC2 Service Instance is configured to use.
      </para>
    </sect2>
  <sect2 id="furthex">
    <title>
                       Further Example Service Instance URLS:
    </title>
    <para>
                       Other useful sample Service Instance URLs include:
    </para>
    <itemizedlist>
      <listitem>
        <para>
                       The URL to get a single local template for a given language is:
        </para>
        <programlisting>
http://localhost/chameleon/cwc2/cwc2.php?
    service=VCG
    &amp;version=0.1.0    
    &amp;request=GetApplication
    &amp;LANGUAGES=en-CA
    &amp;TEMPLATES=sample_cwc2.html
        </programlisting>
      </listitem>
      <listitem>
        <para>
                       The URL to get a single remote template for a given language is:
        </para>
        <programlisting>
http://localhost/chameleon/cwc2/cwc2.php?
    service=VCG
    &amp;version=0.1.0    
    &amp;request=GetApplication
    &amp;LANGUAGES=en-CA
    &amp;TEMPLATES=http://localhost/chameleon/cwc2/templates/sample_cwc2.html
        </programlisting>
      </listitem>
      <listitem>
        <para>
                       The URL to get a bilingual application using local templates is:
        </para>
        <programlisting>
http://localhost/chameleon/cwc2/cwc2.php?
    service=VCG
    &amp;version=0.1.0
    &amp;request=GetApplication
    &amp;LANGUAGES=en-CA,fr-CA
    &amp;TEMPLATES=sample_cwc2_en.html,sample_cwc2_fr.html
        </programlisting>
      </listitem>
      <listitem>
        <para>
                       The URL to get a single local context using default template and language is:
        </para>
        <programlisting>
http://localhost/chameleon/cwc2/cwc2.php?
    service=VCG
    &amp;version=0.1.0
    &amp;request=GetApplication
    &amp;CONTEXTS=gmap_context.xml
        </programlisting>
      </listitem>
      <listitem>
        <para>         
                       The URL to get a single remote context using default template and language is:
        </para>
        <programlisting>
http://localhost/chameleon/cwc2/cwc2.php?
    service=VCG
    &amp;version=0.1.0
    &amp;request=GetApplication
    &amp;CONTEXTS=http://localhost/chameleon/cwc2/contexts/gmap_context.xml
        </programlisting>
      </listitem>
      <listitem>
        <para>
                       The URL to get multiple local contexts using default template and language is:
        </para>
        <programlisting>
http://localhost/chameleon/cwc2/cwc2.php?
    service=VCG
    &amp;version=0.1.0
    &amp;request=GetApplication
    &amp;CONTEXTS=world_context.xml,gmap_context.xml
        </programlisting>
      </listitem>
      <listitem>
        <para>
                       The URL to get a fully remote, bilingual application using multiple contexts is:
        </para>
        <programlisting>
http://localhost/chameleon/cwc2/cwc2.php?
    service=VCG
    &amp;version=0.1.0
    &amp;request=GetApplication
    &amp;LANGUAGES=en-CA,fr-CA
    &amp;TEMPLATES=http://localhost/chameleon/cwc2/templates/sample_cwc2_en.html,
          http://localhost/chameleon/cwc2/templates/sample_cwc2_fr.html
    &amp;CONTEXTS=http://localhost/chameleon/cwc2/contexts/world_context.xml,
          http://localhost/chameleon/cwc2/contexts/gmap_context.xml
        </programlisting>
      </listitem>
    </itemizedlist>  
  </sect2>
  </sect1>  
  <sect1 id="moreinfo">
    <title>
                        For More Information
    </title>
    <para>
                        If you were unable to answer all the questions you had about the subject of this document, other possible methods of obtaining information include:
    </para>
    <itemizedlist>
      <listitem>
        <para>
                        There are several other Chameleon 2.0 documents that can be found on the <ulink url="http://www.maptools.org/chameleon/index.phtml?page=docs.html">Chameleon Documentation</ulink> page (including some that are referenced in this document). Please look through these documents for answers to your questions.
        </para>
      </listitem>
      <listitem>
        <para>
                        You can pose a question on the Chameleon Mailing List and other members of the Community might be able to help you. In fact, <ulink url="http://lists.maptools.org/search.phtml?config=chameleon">searching the mailing list archive</ulink> can often lead to the necessary information without having to pose a new question. To sign up to be a part of the mailing list, please visit <ulink url="http://lists.maptools.org/mailman/listinfo/chameleon">here</ulink>.
        </para>
      </listitem>  
      <listitem>
        <para>
                        If you find what you believe to be a bug in Chameleon 2.0, please submit it to the <ulink url="http://www.maptools.org/bugzilla/"> public Bugzilla repository</ulink>. This is by far the quickest way to get a bug in the product addressed.  The mailing list should <emphasis>not</emphasis> be used for reporting bugs.
        </para>
      </listitem>              
    </itemizedlist>  
  </sect1>    
  <sect1 id="docinfo">
    <title>
                       About this Document
    </title>
        <sect2 id="rhistory">
            <title>Revision History</title>
            <para>  
  The numbering is in parallel with the revision control
  system. Missing numbers indicate minor maintenance revision updates.
</para>
            <para>
                <revhistory>
                  <revision>
                    <revnumber>1.00</revnumber>
                    <date>2004/08/20</date>
                    <authorinitials>Paul Spencer</authorinitials>
                    <revremark>original text-only version</revremark>
                  </revision>
                  <revision>
                    <revnumber>1.01</revnumber>
                    <date>2004/08/21</date>
                    <authorinitials>Darren Redfern</authorinitials>
                    <revremark>initial compilation in DocBook</revremark>
                  </revision>      
                  <revision>
                    <revnumber>1.1</revnumber>
                    <date>2004/11/12</date>
                    <authorinitials>Darren Redfern</authorinitials>
                    <revremark>finished initial draft</revremark>
                  </revision>       
                  <revision>
                    <revnumber>1.2</revnumber>
                    <date>2004/11/13</date>
                    <authorinitials>Darren Redfern</authorinitials>
                    <revremark>changes based on review comments</revremark>
                  </revision>        
                  <revision>
                    <revnumber>1.3</revnumber>
                    <date>2004/12/08</date>
                    <authorinitials>Chris Thorne</authorinitials>
                    <revremark>changed coding format, etc.</revremark>
                  </revision>          
                  <revision>
                    <revnumber>1.4</revnumber>
                    <date>2004/12/08</date>
                    <authorinitials>Darren Redfern</authorinitials>
                    <revremark>editorial changes</revremark>
                  </revision>  
                  <revision>
                    <revnumber>1.5</revnumber>
                    <date>2005/01/11</date>
                    <authorinitials>Jeff McKenna</authorinitials>
                    <revremark>minor changes, fixed docbook formatting errors</revremark>
                  </revision>                  
                </revhistory>
            </para>
        </sect2>     
    <sect2 id="copyright">
      <title>
                       Copyright/Licensing Information</title>
      <para>
                       Copyright (c) 2005, Paul Spencer, DM Solutions Group Inc.
      </para>
      <para>
                   Permission is hereby granted, free of charge, to any person obtaining a copy of this software and associated documentation files (the "Software"), to deal in the Software without restriction, including without limitation the rights to use, copy, modify, merge, publish, distribute, sublicense, and/or sell copies of the Software, and to permit persons to whom the Software is furnished to do so, subject to the following conditions:
      </para>
      <para>
                   The above copyright notice and this permission notice shall be included in all copies or substantial portions of the Software.
      </para>
      <para>
                   THE SOFTWARE IS PROVIDED "AS IS", WITHOUT WARRANTY OF ANY KIND, EXPRESS OR IMPLIED, INCLUDING BUT NOT LIMITED TO THE WARRANTIES OF MERCHANTABILITY, FITNESS FOR A PARTICULAR PURPOSE AND NONINFRINGEMENT. IN NO EVENT SHALL THE AUTHORS OR COPYRIGHT HOLDERS BE LIABLE FOR ANY CLAIM, DAMAGES OR OTHER LIABILITY, WHETHER IN AN ACTION OF CONTRACT, TORT OR OTHERWISE, ARISING FROM, OUT OF OR IN CONNECTION WITH THE SOFTWARE OR THE USE OR OTHER DEALINGS IN THE SOFTWARE.
      </para>
    </sect2>
    <sect2 id="feedback">
      <title>
                       Feedback
      </title>
      <para>
            Input is appreciated.  Send any
            comments or suggestions to the Chameleon Mailing List, which you can join at
            <ulink url="http://lists.maptools.org/mailman/listinfo/chameleon">http://lists.maptools.org/mailman/listinfo/chameleon</ulink>.
        </para>
    </sect2>
  </sect1>  
</article>  